id,prop
346599,0.00033302
310426,0.000333443
312492,0.000681077
307643,0.000794504
349472,0.000952186
347520,0.001379853
348956,0.001391803
314444,0.002158794
348040,0.007300779
306217,0.00742074
311578,0.01057104
308375,0.010819518
312049,0.01186304
304772,0.016289196
17655,0.016292754
347011,0.017266573
305771,0.023363076
307106,0.024881837
1106847,0.026099942
1241594,0.031562105
305911,0.031882993
306438,0.034461344
308836,0.035894416
310213,0.036201505
347767,0.036640987
310700,0.037127168
310941,0.038940851
313012,0.039050922
311313,0.039431189
568997,0.03945092
1239579,0.039527172
313939,0.039896334
569666,0.039984609
306236,0.041086878
311983,0.043740049
309605,0.046451638
1474048,0.046952575
1667362,0.048141418
314189,0.048306208
1554635,0.048351653
1474173,0.048922684
306451,0.04932373
1472954,0.050445914
1441196,0.050804471
349217,0.051036122
344378,0.051120765
1440434,0.051174664
1443769,0.05207908
1479592,0.052229279
1222444,0.052886097
1554696,0.052891131
23364,0.053301812
314555,0.053321926
1441197,0.053327358
309350,0.053343201
6570,0.053455911
314479,0.05348089
12475,0.053721307
312739,0.053786681
1553209,0.053949388
349583,0.054003051
946694,0.054056955
1552813,0.054345485
2133,0.054514998
6599,0.054519947
1552803,0.054579391
1553213,0.054647422
20218,0.054661336
1552814,0.054752986
349507,0.054759624
313828,0.054924799
344633,0.054977789
1343571,0.05504249
5646,0.055139985
2091,0.055237663
1440897,0.055449684
1473087,0.055475134
19895,0.05557442
313383,0.055582297
1554724,0.055644383
1554424,0.055820802
1473089,0.055969634
1554698,0.056031394
313227,0.056225743
1554701,0.056364516
1440181,0.056433637
646233,0.057304372
1472779,0.05758138
1441195,0.058044436
5686,0.05821311
349165,0.058441073
1345907,0.058532017
1243220,0.058814352
1344647,0.058869749
305224,0.058920624
7-Ca3BrCl3-221-5756381_2,0.059137539
937575,0.059199239
945255,0.059611184
306785,0.059822474
646367,0.060301113
307706,0.060361484
1570863,0.060362305
569278,0.060396824
571089,0.060544264
1452223,0.060818919
986148,0.06102265
570388,0.061291645
314137,0.061435702
1570553,0.061484505
7-Ba3GeBr3-221-3007687_2,0.061511362
1570551,0.061758621
945954,0.062003834
310069,0.0620313
1438756,0.06205911
349667,0.062895662
936468,0.062967041
1552816,0.06297909
915281,0.063034366
944142,0.063153554
914579,0.063154832
1104314,0.063345129
986852,0.06348527
913471,0.063921498
417678,0.064240813
1553208,0.064390534
1570555,0.064738083
1384201,0.065026554
3683,0.065044918
1553748,0.065442339
1443766,0.065748285
3686,0.065819963
1103997,0.066181093
1441692,0.066285927
417209,0.066631389
1570554,0.066734528
1105629,0.066939016
307112,0.067218834
305540,0.067411099
646366,0.069197684
1479442,0.069358453
418551,0.069383165
305405,0.070252266
11511,0.070281
57108,0.070299453
4109,0.070355194
1104590,0.070598143
1486738,0.070648772
1570945,0.070996532
304873,0.071197536
5995,0.071202555
56154,0.071202555
11506,0.071386028
1545013,0.071426302
418537,0.071540274
7-Ba3PBr3-221-330850_2,0.071770488
7-Sr3PtBr3-221-1012313_0,0.071974148
11512,0.072000257
306444,0.072001424
337986,0.072004481
943993,0.072107792
307355,0.072281891
985537,0.072454664
575493,0.072670468
57018,0.07272468
304725,0.072725069
11510,0.072725125
986581,0.072825789
1617187,0.07284334
1479459,0.073383927
1106878,0.073651762
574386,0.074520399
1570937,0.074869594
889017,0.074989078
1570885,0.075231674
1105005,0.075256245
647290,0.075319251
1570947,0.075333943
1570943,0.075421216
646234,0.075441595
1218119,0.075478215
574884,0.075580173
1442208,0.075806536
1236342,0.075873522
311736,0.075979531
305605,0.076366258
57019,0.076368247
11509,0.07637036
1554207,0.076384653
306863,0.07642422
6770,0.076778569
574237,0.076909986
6876,0.076953866
575022,0.076967414
6875,0.077158849
418912,0.077894013
1224413,0.078089575
1554209,0.07809041
1544998,0.078166525
1218865,0.078247946
929294,0.078358548
56986,0.078590497
304811,0.078591067
57020,0.078598004
5151,0.078598336
6874,0.079491295
1732956,0.079702265
347771,0.079916017
25758,0.080037893
6877,0.080087169
1105292,0.080107314
1554201,0.080160813
418884,0.08121183
1473907,0.081227018
20521,0.08145102
1710727,0.081753083
1554641,0.082127423
3682,0.082505601
347842,0.083146182
846271,0.083866315
418323,0.084691778
1708237,0.08476146
1713519,0.08480965
1544726,0.084931222
14248,0.085187617
1404960,0.085191734
8355,0.085244076
307760,0.085245298
53881,0.085245743
52061,0.085245854
418235,0.0853713
1710728,0.085394984
844458,0.085702143
1386112,0.085712927
1667179,0.085863637
1541569,0.086253269
1252872,0.086603629
1517155,0.086649286
1731230,0.08678995
1731231,0.086951484
947803,0.087055534
543225,0.087402027
1430862,0.088591532
1570949,0.08898165
1368340,0.089185881
1479707,0.090129663
52046,0.090284217
307693,0.090284367
4111,0.090286146
8353,0.090337194
543927,0.090566006
1517102,0.090695155
582054,0.090869077
442534,0.090879339
1222438,0.090891036
1541804,0.091109675
1541416,0.091133053
1431102,0.091215947
1647193,0.091241405
1344717,0.091487604
1647197,0.091505066
1554858,0.091531236
32-YMg2H-227-5238682_0,0.091647996
1725992,0.091651339
1647169,0.091934718
1541988,0.091952224
1541741,0.091969424
1666610,0.092071596
1541722,0.092285427
1541621,0.092300185
1545033,0.092375405
1541809,0.092445955
346806,0.092504777
1049861,0.092506965
1541643,0.092567236
1647167,0.092775149
349430,0.092865257
1440529,0.092996521
1554873,0.093001343
1554757,0.093106119
1468129,0.093281836
1283684,0.093318321
979181,0.093378625
1554812,0.093421785
1647205,0.093563041
1554754,0.093630882
1385176,0.093687114
1647179,0.093708702
1376769,0.093720947
1348968,0.093800079
1554869,0.093853025
17033,0.093890398
977372,0.093908135
1541606,0.094010021
978479,0.094019221
1373711,0.094419197
675307,0.094527554
646820,0.094527744
1517128,0.094554527
26333,0.094598872
544786,0.094766748
1554755,0.09480314
544597,0.094833537
1375441,0.094907167
1544686,0.094965494
7-Na3CaO3-221-8073660_1,0.094980454
1554814,0.095356947
1371229,0.095400631
8354,0.095442829
1554906,0.095504439
1666603,0.095581455
1443471,0.0956486
1541432,0.095691603
1541360,0.095832919
1541711,0.095865567
1541794,0.095887109
1542031,0.095925118
1720362,0.096025231
1541636,0.096046136
17032,0.096097442
1667208,0.096126258
1554831,0.096186185
1541341,0.096366355
1666383,0.096386745
1383083,0.096389676
1517159,0.096390678
1288223,0.096486525
1209421,0.096486664
56308,0.096534173
1344280,0.096660599
1710866,0.096757331
1446746,0.096772983
327854,0.09677613
1482824,0.097039675
1554766,0.09708771
1041498,0.097110444
1713514,0.097435983
1446577,0.09745064
22643,0.097506082
1554852,0.097637252
1667984,0.097675996
1554905,0.09770889
1667204,0.097712616
1348909,0.09776512
1347199,0.097767144
12101,0.097817573
1708239,0.097882688
5625,0.097953106
1561168,0.098011041
1367919,0.098093886
1736646,0.098157917
404998,0.098511196
6410,0.098792528
1720385,0.098914849
1104403,0.098984277
1554868,0.09903546
1541818,0.099296406
1385204,0.099481994
1541429,0.099510073
1348245,0.099772084
393864,0.099875791
1555008,0.099882971
7763,0.100006367
1549349,0.100111147
1443455,0.100136325
1288224,0.100347178
1209420,0.100347341
22278,0.100358911
1446178,0.100429343
1720803,0.100436106
845566,0.100503562
1223669,0.100519255
418921,0.100761969
5695,0.100776409
545578,0.100804893
326993,0.100942634
1571357,0.100952639
1410356,0.101009294
1370196,0.101121771
1543168,0.101122534
1348740,0.101171812
418232,0.101236744
1430830,0.101277725
2803,0.101331779
1049837,0.101439553
7649,0.101458706
1105751,0.101545742
313675,0.101782959
1456271,0.101800113
1446632,0.101977069
1347724,0.101992971
419070,0.101994217
1554897,0.102206887
1023402,0.102283646
1554899,0.102473266
1554756,0.102512607
1442197,0.102617853
418158,0.102731122
418076,0.102870869
1050521,0.103109595
1553114,0.103173278
1365549,0.103203309
12490,0.103652943
1443404,0.103742049
1441513,0.103742119
977977,0.103880484
11669,0.10391402
1343375,0.103936901
1757985,0.103952581
1345326,0.103991851
1364360,0.104065001
1364395,0.104067182
1447322,0.104273273
1448789,0.104290159
417278,0.104317573
978006,0.104404482
307105,0.104475918
1432599,0.104500445
1758094,0.104535021
1276736,0.104540087
28662,0.104623975
305420,0.104624197
91935,0.104624698
1541757,0.104649427
1553489,0.104711935
24066,0.104775295
1541583,0.104802035
25234,0.104804205
1443864,0.104817271
1023413,0.104923337
1553772,0.104936898
347637,0.104977347
545589,0.10505638
8173,0.10507221
1554802,0.105101207
1554867,0.105133382
7-Li3BrCl3-221-453508_1,0.105209
7463,0.105265048
1516783,0.105287658
1553491,0.10529309
1374532,0.105320592
305820,0.105434288
52059,0.105445413
4110,0.105447514
18671,0.105520901
1037198,0.105574016
32-NaMg2N-227-54649_1,0.105827211
418973,0.10582948
1446474,0.105940999
1571294,0.105948275
22541,0.105959285
1543163,0.105994328
1107010,0.106090146
7464,0.10624786
977222,0.106285848
1740030,0.106392345
899241,0.106847772
1441518,0.1069729
1372469,0.107012417
1561096,0.107025459
899499,0.107122078
545541,0.107227638
1561099,0.107300905
418778,0.107552979
928642,0.107603102
1441517,0.107625544
1738677,0.107631396
543604,0.107641911
1440863,0.107898608
1370575,0.107948165
544820,0.108046854
306643,0.108230451
11670,0.108383324
1517340,0.108616108
1561097,0.108670677
544335,0.108873468
1283265,0.108989783
1529815,0.109002706
1105039,0.109055482
1105788,0.109146258
1345914,0.109168151
1105148,0.109320079
21918,0.10950698
1106281,0.109536479
349011,0.109589387
567832,0.109650174
1441520,0.109660056
13114,0.109668671
1556744,0.109681443
419295,0.11001504
1361113,0.110030966
1647201,0.110078515
1736639,0.110116536
418684,0.110327184
1446801,0.110603992
583166,0.110645717
347786,0.110697848
1373004,0.110835468
312647,0.110953579
1546123,0.111108439
11507,0.1111676
349504,0.111218734
1613008,0.111473846
1563155,0.111612512
1709501,0.111669544
1103799,0.111694891
1482277,0.111851526
545159,0.111926791
1609295,0.112183058
544800,0.112188036
418408,0.112434766
5181,0.112612525
419344,0.112669736
1367053,0.112676042
7-Sr3CaPt3-221-9314067_2,0.112836995
365789,0.112930408
12030,0.113186429
643222,0.113268332
1609249,0.113318192
1049929,0.113351153
899946,0.113438245
304693,0.113585581
1440900,0.113629199
22045,0.11369654
1529762,0.113701393
1283253,0.113702805
24068,0.113790631
1481374,0.114053913
568088,0.114379502
1731340,0.114447419
312263,0.11446536
928467,0.114535917
898037,0.114638239
314650,0.114698264
348611,0.114746154
1441519,0.114769603
1359793,0.114850397
1546761,0.114859497
923538,0.114862697
1575765,0.115230461
1555005,0.115446561
1442213,0.115497784
568535,0.115562016
11508,0.115833312
23004,0.115916659
845822,0.115992338
1545092,0.116150557
1344196,0.116351174
1285370,0.116461778
7-KNa3O3-221-4402437_1,0.116462951
1285368,0.116464496
1250674,0.116466934
1209434,0.11646728
1364530,0.11662843
1575131,0.116665811
1441514,0.116810242
342943,0.117208775
543469,0.117352355
646364,0.117484316
4778,0.117664604
1396017,0.11771045
1283685,0.117783892
1105828,0.117807086
545521,0.117899872
2577,0.117942283
1243662,0.118273861
24635,0.118393468
513765,0.118650752
343765,0.118672977
1219214,0.118770961
18227,0.118781566
512888,0.118847229
1479500,0.118868205
1370168,0.11902216
1376818,0.119514918
345416,0.119570404
347906,0.119618193
2834,0.119752447
1349149,0.120065896
5798,0.120170256
1375819,0.120335452
1236512,0.120389433
1552570,0.120634437
575965,0.120660912
312724,0.120711703
19551,0.120715428
913972,0.120776795
7-Sr3YAu3-221-4333938_2,0.120914143
544577,0.120974078
1366365,0.12098693
1371336,0.121024924
1393808,0.121133716
1432641,0.121276812
21080,0.121292907
1553780,0.121325214
5182,0.121337105
1552569,0.121436083
1346838,0.121516485
646288,0.121580791
1552575,0.121621637
24971,0.121639039
417843,0.121695399
1376157,0.12187131
1382397,0.121970232
787991,0.122041609
868156,0.122095935
944645,0.122133512
344337,0.122143746
1371115,0.122146441
1448913,0.122163624
1378312,0.122262285
25067,0.122339639
1106527,0.1224431
1367756,0.122522834
1541451,0.122602836
19550,0.122698973
1482609,0.122773481
881314,0.12279688
24972,0.122898855
1554788,0.122947713
567220,0.123162673
1484155,0.123226137
1667572,0.123303643
1448587,0.123451733
1723857,0.123497911
18782,0.123569158
348987,0.123569689
1375505,0.123652071
307185,0.123712968
545160,0.124066163
951649,0.124090851
25397,0.124125795
417661,0.124183441
12268,0.124246248
1218859,0.124292102
544091,0.124338983
348617,0.124363936
443849,0.124498933
1735761,0.124505656
348164,0.124562927
1041760,0.124718166
1283746,0.124740956
5166,0.124815937
513907,0.124834578
888607,0.124904826
310741,0.124975974
1104920,0.125032633
2663,0.125105739
14201,0.125143147
349627,0.125265523
1553737,0.125433296
419136,0.125447512
1369362,0.125514124
1554884,0.12554077
1374578,0.125775153
404830,0.12579994
11321,0.125809569
446726,0.125867724
1277629,0.125871958
417134,0.125951335
1368885,0.126009713
974579,0.126010262
14935,0.12605998
1554411,0.126115055
25867,0.126131097
1546162,0.126158617
699868,0.126186045
1284761,0.126231229
12257,0.126403648
1347049,0.126412271
1553741,0.126436093
1243605,0.126508443
1448586,0.126523076
1553739,0.126564148
514622,0.126568554
308995,0.126724987
418214,0.126778483
305854,0.126805118
1343509,0.126872052
1498150,0.126921344
944058,0.126976121
1024301,0.126991807
1376419,0.12704533
543971,0.127048986
12266,0.127116482
10659,0.127461219
1553740,0.127466683
545168,0.127469461
642659,0.127525086
15579,0.127568802
1250740,0.127569725
307096,0.127641201
1440012,0.127706303
880830,0.127711242
1554786,0.127776022
1104886,0.127852776
5426,0.127901174
543138,0.127904426
1495823,0.127983789
417608,0.127989715
1373961,0.128250719
1556360,0.128402933
1556353,0.128537473
543682,0.128556939
1575138,0.128670216
418996,0.128708342
1376086,0.128837184
483073,0.128848551
4457,0.128918825
1284285,0.129103111
1491237,0.129104395
446242,0.129183727
945512,0.129223533
1554344,0.129268598
1432574,0.129285261
418113,0.129339724
853415,0.129639039
936857,0.129702256
396241,0.129743148
25498,0.129796414
543881,0.129810057
913384,0.129947591
1615352,0.129995385
1552758,0.130045267
1370586,0.130065184
28733,0.13025218
483945,0.130323204
419178,0.13032486
7-Sr3HfAu3-221-5665826_2,0.130345679
1376579,0.130363473
304613,0.130439492
10711,0.130443489
94600,0.130492283
373301,0.130700447
417178,0.130760554
1554373,0.131004462
1552764,0.131098111
544324,0.131151764
1367559,0.131248974
985430,0.131263793
1374463,0.131290769
1553080,0.131313784
417594,0.131321482
8089,0.131338911
1376798,0.131380686
545408,0.131384973
544396,0.131454741
1345735,0.131521062
28055,0.131611606
347675,0.131612731
17728,0.131613497
1553078,0.13172846
343200,0.131735812
984957,0.131776699
30639,0.131787146
1552762,0.131807331
1552766,0.131821674
1482197,0.13187506
1495824,0.131890986
7564,0.131938177
914834,0.131947925
512705,0.131975628
371126,0.132092393
24717,0.132141666
1018207,0.132165294
545025,0.132216722
417436,0.132225705
898843,0.13224768
371609,0.132449658
1556351,0.132451636
985745,0.132458668
419162,0.132473579
418263,0.132511995
544870,0.132514926
5427,0.132515118
1496785,0.132539137
347752,0.132559628
1552759,0.132578839
23014,0.132618429
24739,0.13264395
986403,0.132653001
482521,0.132681
10081,0.132702233
1553082,0.132748748
543843,0.132881527
1283385,0.132903084
5627,0.132950392
1385208,0.132989553
1364177,0.132993566
418145,0.132994956
545377,0.13310507
675158,0.133152583
647294,0.133162149
647683,0.133164996
1372462,0.133176069
936964,0.133261733
1372901,0.133273553
1440771,0.133277016
1365029,0.133298445
1553862,0.133314651
312878,0.133374581
417532,0.133423306
1105129,0.1336235
947186,0.133751821
841704,0.133843873
444753,0.134006449
824259,0.13401583
1745662,0.134020627
1432305,0.134121099
1720995,0.134123257
646471,0.134235518
5690,0.13428646
543421,0.134287167
647326,0.134314336
1446156,0.134319427
1022637,0.13434094
1373466,0.134403686
944851,0.134619102
1377949,0.134711394
26328,0.134727145
1553754,0.134806873
1552767,0.135022092
1022640,0.135295229
24396,0.135319784
1514599,0.135323628
418421,0.135687378
443861,0.135727383
879645,0.135776983
482034,0.135818507
544735,0.135863399
1023114,0.135993383
507135,0.136001976
516293,0.136046653
1748450,0.13609399
443877,0.136170916
1376631,0.136279216
945722,0.136415086
1283266,0.136807091
1552768,0.136810938
311626,0.136874152
16-YIn3F12-221-4255322_2,0.136919249
553609,0.13694778
1105507,0.137181255
10074,0.137290231
443235,0.137369083
499143,0.137454817
404578,0.137476125
1023117,0.137657508
1554374,0.13772037
514150,0.137800682
544518,0.137911066
10840,0.138204954
304973,0.138205275
1041079,0.138327402
418486,0.138458492
371877,0.138499141
1553661,0.138718299
543779,0.138803468
370866,0.138875674
1615353,0.138946085
582697,0.138966348
977758,0.138996992
443561,0.139003718
373306,0.139334114
371130,0.139384738
1016047,0.139400495
543769,0.139447073
522473,0.139555648
313528,0.139642048
582669,0.139643717
10712,0.139710877
307825,0.139713235
516451,0.139737046
1106426,0.139834922
1456225,0.140008997
948118,0.14016807
1554885,0.140501392
646353,0.140501733
1758766,0.140620373
419171,0.14077134
545175,0.140827304
7-Na3ScTe3-221-1423576_0,0.14083556
581772,0.140839935
311237,0.1408552
823987,0.14095119
18770,0.141049523
582556,0.141065066
309237,0.141078435
1276563,0.141152444
349862,0.141183279
442802,0.141228695
1432636,0.141262896
483728,0.141318558
10011,0.141347242
1545753,0.141398844
1611619,0.141536874
1041645,0.141985403
1016619,0.142175767
545226,0.142351152
24824,0.142361616
344664,0.142420643
1455862,0.142468015
11006,0.142491389
823613,0.142545797
1282926,0.142595369
1520055,0.142605918
306630,0.142635136
581906,0.142677503
823579,0.142686005
418737,0.142702843
1611526,0.142709033
823545,0.142762337
1612778,0.142834695
1346883,0.142891337
1575778,0.142928289
1720380,0.142928476
1405919,0.142933498
543938,0.143023771
443893,0.14302461
1554232,0.143186226
881170,0.143227532
7599,0.143353449
21386,0.143388894
1388642,0.14339572
373009,0.143595987
748490,0.143640726
372026,0.143695233
1520051,0.143730913
1543122,0.143768676
1432196,0.143771469
17060,0.143873508
513614,0.143875151
1554739,0.143903253
937327,0.143953917
1554234,0.143969021
11419,0.143994718
748541,0.144024984
373239,0.144048981
1377160,0.144050586
343039,0.144129877
305963,0.144164382
1040700,0.144213537
418928,0.144275076
543180,0.14441598
12625,0.144533648
351577,0.144555941
1023038,0.144566101
944865,0.144625279
1545666,0.144628474
1611523,0.144675472
5700,0.144679139
1446387,0.14473443
544401,0.144794232
1397815,0.145025935
1456001,0.145047857
1366232,0.145084835
1455838,0.145103639
1476223,0.145112399
646439,0.145187556
1554235,0.145299742
514821,0.145638078
1428799,0.145725907
1554237,0.145795501
794907,0.146110653
1041427,0.146242644
20095,0.146332825
310505,0.146389349
704586,0.14640482
468794,0.146478388
1611522,0.146654804
1236622,0.146765951
372237,0.146781383
704583,0.146792653
513323,0.146817591
417996,0.146888178
406511,0.146894659
6141,0.146921373
24730,0.146947938
373036,0.146976376
309158,0.147021811
7598,0.14705004
349911,0.147159208
417397,0.147174942
18065,0.147183583
1366761,0.147309178
514116,0.147313152
417689,0.147318866
373148,0.147323932
345697,0.14734865
1345985,0.147456334
544481,0.147694771
1023102,0.147707803
417566,0.147776245
18766,0.147790472
1615355,0.148105703
852863,0.148164303
514619,0.148384123
1554789,0.148389694
370860,0.148660728
347045,0.148664846
345309,0.148701424
880083,0.148704806
17934,0.148721715
18740,0.148722053
1508970,0.148733608
1023105,0.148765325
12263,0.148813808
1104408,0.148817789
1053793,0.148978863
450435,0.148980825
853026,0.149022628
543583,0.149115188
1428878,0.149334546
555487,0.149355153
936315,0.149482759
417279,0.149605613
445670,0.149615596
345763,0.149672146
1387156,0.149728713
418702,0.149786078
794911,0.150026337
1549329,0.150033574
915869,0.150039416
349065,0.150131912
347090,0.150141752
7-In3AgBr3-221-1031126_1,0.150214173
498705,0.150262871
1556361,0.150267462
788097,0.150354746
763551,0.15045342
1501738,0.150521784
418228,0.150543505
522556,0.150571987
451833,0.150807766
1427512,0.150883991
11368,0.150907214
573792,0.150955585
514732,0.150968433
443288,0.150979867
372049,0.150994712
545019,0.151014069
1041579,0.151014435
763560,0.151073891
394603,0.151076839
1455903,0.151078623
923498,0.1511391
543276,0.151160809
1455902,0.151213074
581901,0.151381295
1408563,0.151846964
1721624,0.151945787
1489473,0.152011263
417335,0.152025454
1456319,0.152075713
945250,0.152116992
544424,0.152124655
946538,0.152178142
575453,0.152241696
677469,0.152254631
1482058,0.152330848
951213,0.152375797
867264,0.152389646
646438,0.152403631
371132,0.152438772
1389386,0.152517988
443191,0.15258642
418173,0.152604602
582777,0.152626174
788058,0.152636238
1432319,0.152693504
1742597,0.152790238
1040459,0.152812083
1546965,0.152818931
348460,0.152847478
1413539,0.152858722
1105689,0.152884932
1040852,0.152890238
13107,0.15294899
888978,0.152989824
866947,0.153044099
1040951,0.153292081
3742,0.153363451
345116,0.153395658
306369,0.153437643
513638,0.153545049
945921,0.153557041
1742608,0.153560662
1470396,0.153603891
1041012,0.153692178
395608,0.153765255
1040389,0.153783007
417940,0.153822658
868277,0.153860552
372778,0.153942168
1288987,0.153968912
7-Na3ZrTe3-221-2531756_0,0.154016234
513772,0.154049905
419013,0.154070957
1742604,0.154107887
1455877,0.154143941
1575133,0.154168549
763549,0.154283577
788090,0.15434393
1489469,0.154371906
1733666,0.154375266
346767,0.154541457
7-Sc3RhCl3-221-3066708_2,0.154546275
516956,0.154684438
14572,0.154713185
853410,0.154843226
313580,0.154879385
787985,0.154929668
574975,0.155030678
445318,0.155050588
818842,0.155055572
763556,0.155189878
520979,0.155519628
417882,0.15557121
925464,0.155602105
417037,0.155616719
371517,0.155625265
763559,0.155627774
32-NaHPd2-227-172671_1,0.155857252
310824,0.155861422
443800,0.155925299
1368284,0.156174956
1348857,0.156176451
1283054,0.156177224
788110,0.156314511
1105177,0.15633196
1456535,0.156372475
1040444,0.156432067
823715,0.156506972
346526,0.156575183
788055,0.156727101
1479719,0.156811297
1385158,0.157025514
1024274,0.157179896
986143,0.157272585
1441551,0.157560973
646382,0.157624521
554634,0.157628972
1250722,0.157657534
20905,0.157675504
345727,0.157719078
937019,0.157745025
1456391,0.157808964
700393,0.157863044
1587037,0.157883552
574803,0.157889707
925189,0.157939445
7-Hg3GeAu3-221-2057337_0,0.158002637
1038641,0.158005297
574123,0.158023987
1040909,0.158041504
1295798,0.158073396
1712143,0.158140365
788851,0.158386488
788998,0.158395033
788995,0.158515376
1753099,0.158530971
17646,0.158549702
307592,0.158550394
468936,0.158634145
1615367,0.158659611
1707313,0.158704786
1456235,0.158736345
1104552,0.158776431
712773,0.158778109
704585,0.158880459
417147,0.159074426
417120,0.159178539
1383837,0.159192302
10010,0.159336313
1280658,0.159337612
898291,0.159359893
1753098,0.159387986
1345162,0.159408438
937570,0.159585449
349719,0.159604799
869233,0.159642255
1441547,0.159653892
943630,0.159694649
868471,0.159711796
27631,0.159749874
788999,0.159765777
349575,0.159773684
1609276,0.159788041
1441537,0.159862049
1369227,0.160005973
506255,0.160011907
13905,0.160093221
1040653,0.160233944
11001,0.160237391
953586,0.160300589
937909,0.160383955
453623,0.160570832
1556349,0.16077928
882023,0.160786185
345911,0.160848391
1365091,0.160873821
930084,0.160994164
728386,0.161000311
32-RbHPd2-227-6492880_1,0.161010214
13306,0.161069544
1753916,0.161110857
712772,0.16127381
1041639,0.161339529
506150,0.161394105
1509181,0.161428431
915285,0.161456051
520380,0.161457298
995599,0.161564147
348348,0.161591364
1032075,0.161610521
417203,0.161720834
1440847,0.161755396
937747,0.161768014
888322,0.161854612
899027,0.161956
947798,0.162025642
951545,0.162144262
419397,0.162186002
11086,0.16223967
935964,0.162240139
887642,0.162265182
10655,0.162266652
347229,0.162279427
543362,0.162310567
936515,0.162323658
1609208,0.162342057
1610798,0.16235904
1049981,0.162438382
944191,0.162513597
345258,0.162539523
1023159,0.162594674
948514,0.162921677
1743096,0.162959954
347491,0.162964562
1732250,0.163129474
953581,0.163150408
1465896,0.163192864
943812,0.163214615
985321,0.163230267
1747870,0.16323619
944423,0.163273162
344617,0.163320247
1364380,0.1634271
712368,0.163440165
1236460,0.163467345
346851,0.163689853
1023156,0.163714652
515896,0.163745582
7771,0.163781104
27054,0.16378819
1041375,0.163875108
575469,0.163922864
1023095,0.16395123
1548539,0.163970978
7-Sc3RuCl3-221-3745841_2,0.163993158
913518,0.164040896
1345607,0.164164879
515267,0.164202291
986730,0.164213022
944915,0.164224878
1611761,0.164286969
1609337,0.164394103
1023153,0.164399153
394277,0.164483826
913637,0.164507861
418724,0.164627208
1348736,0.164671947
953407,0.164760996
344331,0.164772679
1040355,0.16478945
17961,0.164885053
1715437,0.164916676
1609126,0.164946282
914487,0.165020991
310639,0.165029947
373139,0.165030279
936744,0.165269856
948141,0.16534329
1283383,0.165367903
1371746,0.165406397
543444,0.165473639
937918,0.165516608
1040531,0.165522077
867619,0.165548189
1482773,0.165567282
313432,0.165617765
1609124,0.165640887
899552,0.165782684
348601,0.165812245
986125,0.165813346
788852,0.165821118
1548239,0.165849108
1362038,0.165857722
573827,0.165925542
946856,0.165927976
1473305,0.165972447
1612900,0.165992862
1233655,0.166097942
1548462,0.166155438
1615296,0.166173778
935909,0.166176393
1023092,0.166243048
953014,0.166259103
946188,0.166259292
1367610,0.16626982
1385939,0.166329282
794765,0.166443187
1445797,0.166445226
1546058,0.16646894
1612957,0.166473229
21805,0.166504113
574952,0.166529242
6517,0.166551386
1280612,0.16655254
10846,0.166591604
304710,0.166593213
869277,0.166620071
1743098,0.166661165
728398,0.166707926
945916,0.166789705
1615293,0.166817956
580205,0.166819149
516496,0.166852083
1346241,0.166926203
642654,0.167033126
1040632,0.167160781
951830,0.167242182
1041556,0.167251041
347321,0.16728539
574663,0.167306894
1040802,0.167350602
1365164,0.167385684
1612724,0.16739338
788868,0.167459908
419210,0.167463325
1385331,0.167511277
11995,0.167518137
1283330,0.167521747
712860,0.16753677
452520,0.167703607
1733355,0.167796615
345376,0.167820346
1404124,0.16796579
347356,0.16800012
1250525,0.168042943
868910,0.168069704
1385028,0.16818066
1382508,0.168182051
1615312,0.168237899
1386323,0.16825211
986814,0.168282413
913277,0.168319788
576074,0.16834108
1344135,0.168415123
573786,0.168431563
1347258,0.168507112
1455061,0.168510363
24194,0.168555863
553922,0.168576539
11157,0.168630609
346793,0.168631769
1368754,0.168649943
946133,0.168723057
1546060,0.16873698
7-Sc3HgBr3-221-2873286_2,0.168756788
310669,0.168782224
706774,0.168785209
17592,0.16878796
1365486,0.168903979
1041523,0.168956376
1613029,0.168964549
1041325,0.168973413
947974,0.168990082
7278,0.169090732
370871,0.169126815
728395,0.169150972
514365,0.169205809
1022071,0.16922896
943545,0.169260066
935877,0.169260736
1384722,0.169272447
349189,0.16928697
1385229,0.169294984
1287225,0.169444179
350569,0.169489867
1104680,0.169496928
1022999,0.169563076
1041362,0.169563825
915069,0.169657767
14220,0.169674916
881847,0.169692681
944156,0.169715718
868714,0.169756597
1615291,0.169929408
1440896,0.169930031
952565,0.169932959
432066,0.169936192
1041035,0.16994909
951298,0.170036381
952489,0.170096503
1615347,0.170117002
1615295,0.170133229
1343111,0.170168303
1367851,0.170176733
1287113,0.17029061
867441,0.17031787
1049845,0.170378832
914919,0.170390427
1040561,0.170416225
46153,0.170450967
947778,0.170549488
348299,0.170719707
18173,0.170732186
938071,0.170903291
1386759,0.170925816
734958,0.170930159
937233,0.170932305
1041089,0.170992337
27098,0.171115155
985070,0.171115542
1040803,0.171125436
946967,0.171126161
944837,0.171177141
347912,0.171185265
22245,0.171193589
1023150,0.171203237
914237,0.171261848
1548606,0.171333416
11521,0.171406371
682712,0.171414337
824122,0.171422416
24502,0.171436046
1376095,0.171447951
348854,0.171451652
22246,0.171452194
898953,0.171476451
516373,0.171502185
823469,0.17150488
23958,0.171537097
26330,0.171628824
823877,0.171629424
868768,0.171733675
1455549,0.171738644
1429007,0.171750724
512880,0.171875743
913175,0.171958827
946401,0.171971232
1744678,0.171990872
652102,0.172038888
444563,0.172056782
544512,0.172067019
923364,0.172075061
19681,0.172081894
947592,0.172096938
951207,0.17210214
312143,0.172105276
29784,0.172330148
88926,0.172353886
1116651,0.172403811
1370176,0.172404194
953624,0.172445188
749040,0.172453912
715978,0.172472834
1753915,0.172515939
306670,0.172517539
1546062,0.172580024
1445568,0.172616665
1548534,0.172656184
1041032,0.172691239
452318,0.172704375
347329,0.17275498
348393,0.17280964
788865,0.172821083
881006,0.1729191
1742268,0.172999184
925606,0.173102345
732594,0.173201761
349171,0.173243448
794976,0.173258358
7-Ca3YP3-221-8423238_2,0.173269372
313585,0.173316316
7-Y3PbI3-221-9776809_0,0.17336905
11998,0.173426185
1548607,0.173654836
977178,0.173657139
1428894,0.173701065
820357,0.173708432
354774,0.173731801
953254,0.173765035
1387348,0.173811119
347585,0.173822893
1040477,0.17388687
710889,0.173914302
1106463,0.173973401
705641,0.173982711
1479097,0.17401318
463456,0.174024514
789063,0.174064248
361611,0.174076028
899064,0.174106158
1612734,0.174113449
914161,0.174125532
937585,0.174133092
1037964,0.174135277
7-Cd3SCl3-221-8936420_2,0.174198164
947520,0.174217101
1428989,0.174224143
786644,0.174276802
1137903,0.174301253
1283249,0.174385299
1040806,0.174400983
1283362,0.174455311
1041384,0.17446239
948115,0.17446527
914970,0.174476049
306026,0.174507358
10867,0.174508055
730255,0.174558249
915243,0.174583329
371966,0.174609452
818949,0.174632312
1546059,0.174665977
394520,0.174717052
1023699,0.174723037
1041337,0.174753147
948150,0.174759798
1040486,0.174767893
1041562,0.174779693
1050548,0.174819743
952406,0.174845755
417784,0.174850303
952817,0.17485951
853399,0.174924078
946101,0.174973727
826830,0.17499228
946911,0.175012389
1428953,0.175057413
944143,0.175068846
913210,0.175088648
312763,0.175095293
951802,0.175101571
576232,0.17520131
7-Ca3YN3-221-3314457_2,0.175210789
682321,0.175225454
1382175,0.175234084
446816,0.175260003
763526,0.175265381
7-In3SbI3-221-2409878_2,0.175298301
1023409,0.175303542
1280789,0.175349948
1040885,0.175383799
899236,0.175388892
1482317,0.175390375
788030,0.175396015
309531,0.175453988
432150,0.175494437
945739,0.175510948
513809,0.175517437
951962,0.175520396
936469,0.175550105
9964,0.175593318
1883,0.175623919
345669,0.175640199
1349292,0.175726574
343107,0.175772161
23395,0.175774439
868875,0.175777785
1040386,0.17578285
345500,0.175804722
1041573,0.175908023
737398,0.17591209
737245,0.175955806
361708,0.175998882
913472,0.176053491
1040501,0.17606447
349720,0.176104252
899412,0.176118814
1036599,0.176131029
948124,0.176136304
730086,0.176169329
736943,0.17618282
913355,0.176192169
26331,0.176198863
1362536,0.176215691
977111,0.176246415
1040314,0.17625657
1024248,0.176294571
953496,0.176299557
1745624,0.176417979
1287228,0.176435091
1454891,0.176487825
1548608,0.176569774
362763,0.176596217
346090,0.176655915
914063,0.176681126
1501292,0.176702174
953083,0.176724648
24307,0.176728365
1348436,0.17698366
914424,0.176991405
1040647,0.17702955
985968,0.177091387
1037208,0.177147579
433586,0.177152471
914077,0.177194685
1287136,0.177203157
1116639,0.177284157
361376,0.177313499
913499,0.177334032
794905,0.177337557
11589,0.177362761
867504,0.177415628
1548605,0.177491869
1738740,0.177509438
936275,0.177514173
444191,0.177673802
1348626,0.177674154
544147,0.177696414
451887,0.177735723
945074,0.177749478
997245,0.177751635
361988,0.177853214
1002106,0.177880234
346319,0.177923325
1040812,0.177952867
405574,0.178053358
1024534,0.17819532
914116,0.17822759
737241,0.178271171
1040912,0.178276361
515477,0.17830989
647012,0.178334301
450709,0.178338509
1468140,0.178361267
1040730,0.178384019
409510,0.178454528
898893,0.178456099
1428886,0.17846066
1283801,0.178492931
30725,0.178493922
937157,0.178518343
898009,0.178620684
410031,0.178695514
796580,0.178705097
6974,0.178799741
819992,0.178844101
1040984,0.178867944
985631,0.17888215
351024,0.178896776
868380,0.178928162
737242,0.178941233
10858,0.178956525
411718,0.178987766
17854,0.17900009
1016300,0.179019253
1357736,0.1790777
1117720,0.179124761
818962,0.179154582
898265,0.179161163
348189,0.179173477
819690,0.179187703
512926,0.17924002
1368097,0.179253121
1382774,0.179265462
948301,0.179268288
1431315,0.17930345
1041675,0.179315082
897622,0.179348557
1482799,0.179402722
818943,0.179504421
937969,0.17951991
819835,0.179533083
1751271,0.179553525
885159,0.179568768
946055,0.17960572
899105,0.179614596
820350,0.17963706
1040320,0.179657275
748330,0.179702264
732983,0.179704181
409844,0.179712632
716014,0.179714567
1548336,0.179789864
732630,0.17990751
314435,0.179907767
313517,0.179929057
2642,0.179940751
304457,0.180010773
17429,0.180012881
986323,0.180162497
417899,0.180169425
915089,0.180209334
451141,0.180220076
6920,0.180257548
713316,0.180399056
937355,0.180423409
409950,0.180465737
1040295,0.180487911
913617,0.180507907
1038782,0.18052843
1041004,0.180537346
947456,0.180627434
1283903,0.180646472
432196,0.180646872
913454,0.180692089
914747,0.18072881
353830,0.18075745
446402,0.180819546
730602,0.180833006
351603,0.180917829
938246,0.180933041
763094,0.180988667
1635688,0.18100177
935997,0.181016232
1040943,0.181040976
945406,0.181078974
914778,0.181220015
734953,0.181239659
899734,0.181285412
1371501,0.181309922
819838,0.18141147
354919,0.181411662
868213,0.181448886
818946,0.181474502
897567,0.181546178
343130,0.181566611
788024,0.181598686
443521,0.181621332
351827,0.181681196
915326,0.181754576
737096,0.181829859
1431247,0.181864709
820351,0.181867648
1349250,0.181890474
453568,0.181896015
740021,0.181959159
914201,0.182001804
914153,0.18206684
566887,0.182072595
818771,0.182135562
447245,0.182188955
1587983,0.182198782
347804,0.182207775
10769,0.182223179
1104109,0.182278011
1023019,0.182290884
1041289,0.18233218
898664,0.182406581
1110164,0.182409598
851557,0.182476596
914363,0.182483805
737395,0.182722714
344209,0.18283415
737394,0.182883555
348115,0.18288804
484185,0.182941665
450896,0.183031832
1024501,0.183032665
789064,0.183043738
492848,0.183104656
705309,0.183156956
1041057,0.183230857
1735719,0.183235372
818958,0.18324623
945432,0.183268215
450469,0.183330281
312293,0.183402546
409326,0.183412227
1731416,0.183412591
26548,0.183449316
16-K(SiPd4)3-221-9713486_2,0.183467214
26547,0.183507514
937290,0.183538476
944177,0.183546461
1343327,0.183577821
1385436,0.183583955
27137,0.183660553
712248,0.183738293
3414,0.183776137
1016519,0.183793517
1106321,0.183819583
1040918,0.183830037
1431428,0.1838658
1283764,0.183900481
1344934,0.183905164
930066,0.183965954
734906,0.183994214
554448,0.184020121
796509,0.184028223
1005314,0.184031611
820562,0.184032926
305992,0.184042372
307187,0.18405179
736941,0.184062044
819704,0.184254616
945897,0.184255983
2388,0.184318905
361382,0.184346799
446879,0.184357128
350287,0.184363202
825775,0.184426533
998053,0.18449897
953347,0.18450046
23377,0.184553866
505909,0.184561712
305367,0.18456978
306504,0.184599254
1371137,0.184638538
1387999,0.184657357
344272,0.184764882
897837,0.184920079
11176,0.185097354
345644,0.185097571
937748,0.185111602
1362615,0.185146351
946499,0.185186603
946695,0.185191714
1104488,0.185284263
1647622,0.185398165
936213,0.1854156
786919,0.185484649
1232382,0.18555721
1439736,0.185557791
1431444,0.185579859
1040658,0.18561278
1552317,0.185618746
1250548,0.185636074
1546361,0.185763239
1371861,0.185773228
1024994,0.185779385
1731335,0.185782359
1040735,0.185804321
351223,0.185854882
946578,0.185907235
515727,0.185920099
819710,0.185928707
1001848,0.185936631
482231,0.185970196
395697,0.185972378
947294,0.185976403
818102,0.185996785
937778,0.186011082
17945,0.186039334
342956,0.18604053
1006334,0.186124741
1023017,0.186204654
354216,0.186343859
482907,0.186375027
354554,0.18638355
1445405,0.186445833
1041062,0.186504488
342957,0.186579439
349555,0.186595047
947226,0.186639248
1024237,0.186702407
947222,0.186711288
349574,0.186716009
936451,0.186718134
713298,0.18683514
947669,0.186842847
1121930,0.186858096
936496,0.186902251
948202,0.186930942
568140,0.186935771
468406,0.186947969
1040729,0.186966887
512602,0.186972642
704580,0.187135851
306550,0.187183348
348654,0.187217756
352458,0.187298432
825495,0.187315641
740028,0.18738398
818875,0.187400884
1364365,0.187409531
737094,0.18745947
419853,0.187462827
1741429,0.187480505
350030,0.187555381
344035,0.187637349
740023,0.18765389
350160,0.187659786
16-Ta(Zn4N)3-221-6641404_1,0.187697452
352449,0.187730527
17986,0.187730718
825450,0.187874594
713314,0.187880565
789521,0.187906747
947379,0.18793134
917624,0.187935946
1387970,0.188072988
6278,0.188097395
468293,0.188188251
1481756,0.188191779
396219,0.188193087
730087,0.188199216
553813,0.188202102
788992,0.18824413
352344,0.188259954
1428925,0.188314722
433138,0.188398762
937235,0.188429345
647475,0.188442881
409227,0.188476299
823547,0.188615695
842839,0.188665894
1387641,0.188723659
740038,0.188734862
347067,0.188749513
6137,0.188753249
344915,0.188766832
344532,0.18879666
947371,0.188820982
348912,0.188864957
948413,0.18892904
740035,0.188990824
305304,0.189017825
17660,0.189024791
305526,0.189025677
1728955,0.189054266
716455,0.189057829
937882,0.189068722
451367,0.189138895
463283,0.189170088
734955,0.189177602
1363398,0.189271097
937752,0.189294006
1731429,0.189433569
1041349,0.189472252
515454,0.189503909
716458,0.189527588
1433510,0.189551413
1445577,0.189583677
823445,0.189650223
362433,0.189696956
788993,0.18973259
1006388,0.189733831
17405,0.189750956
308190,0.189771917
740036,0.189794946
1372629,0.189838741
948472,0.189888825
932375,0.189895331
647461,0.189904554
925102,0.190060764
654207,0.190073862
14519,0.19010627
1024346,0.190109487
451444,0.190114355
7-Y3GaBr3-221-1982787_2,0.190114838
1739895,0.190275234
914884,0.190276338
914326,0.1902808
1104038,0.190315671
1041648,0.190335341
1728947,0.190337301
986358,0.190379531
1005311,0.19038004
1250495,0.19053237
946220,0.190540497
899638,0.190572014
1283934,0.190576801
306992,0.190613053
17067,0.190619073
947514,0.190624073
899848,0.190635154
305541,0.190660582
88957,0.190661227
732979,0.190684618
19124,0.190687625
17278,0.190769207
1361767,0.190874124
349604,0.190897314
568416,0.190923662
946120,0.190933436
734904,0.190945832
362149,0.19095749
23404,0.190979234
819708,0.190993383
482471,0.191057464
463647,0.191112125
566428,0.191228941
937361,0.191249843
20721,0.191253654
312137,0.191270018
897556,0.191314238
7834,0.191320476
819905,0.191328047
344055,0.191361127
1367330,0.191469751
742108,0.191483369
575704,0.191490557
568172,0.191514801
445119,0.1915357
868873,0.191565907
1039475,0.191587214
1617399,0.191596511
567556,0.191598623
350071,0.191621514
409873,0.19164492
417922,0.19164527
515270,0.191834288
899417,0.191841137
305655,0.191869908
18869,0.191871927
104098,0.191873589
5648,0.191942305
1429165,0.191975915
1429138,0.192029125
734793,0.192036893
566212,0.192090952
1428899,0.192120667
1428908,0.192120968
1024992,0.19215041
789446,0.192230735
937197,0.192285655
1346768,0.192287084
24434,0.192398069
1446309,0.19243055
522485,0.192451832
307768,0.19252904
22410,0.192561806
819902,0.192580469
1347812,0.192607621
304537,0.192617733
18140,0.192618144
1004759,0.192730028
567827,0.192754367
516129,0.192765276
740026,0.192781426
344431,0.192806018
18055,0.192806701
946533,0.19283829
1473662,0.192900685
944524,0.192904018
1041565,0.19298499
711442,0.193010433
1026993,0.193012754
823717,0.193023275
945465,0.193038169
819906,0.193100003
820490,0.193183837
1106516,0.19320412
795570,0.193207523
1447626,0.193214979
12834,0.193215999
8400,0.193307368
17954,0.193454935
946435,0.193459081
886081,0.193481096
445486,0.193519986
2629,0.193624527
17795,0.193624775
305634,0.193628843
1431219,0.193679072
1040480,0.193725847
796485,0.193727769
15208,0.193762375
1708252,0.193771953
1554403,0.193819552
1238375,0.193862985
1004795,0.193907148
450974,0.193954883
742069,0.193969532
575544,0.193974415
1374739,0.194023973
568001,0.194029631
12897,0.194039363
742109,0.194069429
728380,0.194087527
886249,0.194121344
17450,0.194159993
346226,0.19416175
27993,0.194201838
828171,0.19422769
7-Y3MoCl3-221-9125884_2,0.194284938
1481321,0.194388517
348368,0.194412134
1446768,0.194522307
946721,0.194547619
1739892,0.194554635
947007,0.194631099
17395,0.194638669
574155,0.194661627
1548328,0.194684928
568431,0.194716987
1237517,0.194813354
1005278,0.194919737
1555723,0.19494998
944279,0.194976614
1446764,0.194986865
796407,0.195031382
700390,0.195118786
16454,0.195132304
947975,0.195146655
431723,0.195152215
12790,0.195161666
1006368,0.195183169
898029,0.195183183
1741827,0.195204811
948006,0.195208767
1366428,0.195224839
646161,0.195280868
1545748,0.195305583
948113,0.19531311
1439402,0.195329526
1375272,0.195339309
892874,0.195364108
946600,0.195425026
11155,0.195427647
791677,0.195544043
18508,0.195551133
897935,0.195556403
898107,0.195588428
925008,0.195597691
646236,0.195598512
309887,0.19561638
517205,0.195683629
1378294,0.195684205
1362439,0.195744203
1366523,0.195779505
8468,0.195811368
520534,0.195824926
796489,0.195846634
452211,0.195853014
704579,0.195895933
1482611,0.195901027
1451400,0.195994322
568624,0.196042366
1223802,0.196048043
1104118,0.196088304
566770,0.196088976
737389,0.196141661
985021,0.196284886
1219086,0.196404709
450745,0.196416614
998050,0.196426385
13656,0.196539072
10522,0.196541572
361045,0.196714465
11005,0.196759286
305238,0.196761698
409737,0.196779928
1546047,0.196798988
13919,0.196935792
516513,0.196956648
1006385,0.196975287
788972,0.196998958
307829,0.197227012
788969,0.197240747
1222687,0.197281806
450201,0.197294363
916669,0.197336499
1033163,0.197343895
410050,0.197357553
1000888,0.197369252
1222668,0.197372984
5699,0.19746608
514763,0.197510481
946677,0.197536523
311047,0.197595518
947979,0.197604655
1728961,0.197690495
818728,0.197798522
819903,0.197806249
361795,0.197877315
13923,0.197887922
947472,0.19794619
1000743,0.198015322
530195,0.198102349
1346232,0.198133443
1445984,0.198152134
1433589,0.198174895
17730,0.19818852
361290,0.198260577
788891,0.198302589
566156,0.198325712
304547,0.198349164
347722,0.198388043
16755,0.198470809
1617714,0.198617627
566722,0.198625071
18383,0.198656457
1280674,0.198665191
947423,0.198666438
454472,0.198693464
347185,0.198750115
305539,0.198767346
748995,0.198829666
8443,0.19887075
1429164,0.199037242
305476,0.19908196
10986,0.199083711
796353,0.199091711
817558,0.19913999
10728,0.199164279
1562305,0.199174634
1006202,0.199199549
410006,0.19921671
1018404,0.199277024
1482613,0.199312119
1047468,0.199355388
959710,0.199415734
1222547,0.199428738
817946,0.199467159
995609,0.199504438
515993,0.199573139
647553,0.199628647
1433591,0.19982992
647551,0.199862829
566605,0.199880658
1055081,0.199889637
13324,0.199901366
1740261,0.19995537
530089,0.199980028
1630584,0.200029387
932901,0.200030081
888665,0.200062957
739960,0.200164433
948015,0.20016712
1038781,0.200262376
888441,0.200270956
789193,0.200297853
354462,0.20039212
361888,0.20040681
948554,0.200411124
567474,0.200596852
795571,0.200649144
306407,0.200660304
25525,0.20073446
1541870,0.200807672
1223683,0.200846872
10747,0.200848663
1429141,0.200887262
7-Na(YS)3-221-7307336_2,0.200902473
1022106,0.200942469
941728,0.200942507
567842,0.201081437
646453,0.201084658
742071,0.201090903
944121,0.201101417
681196,0.20113368
354632,0.201135239
826174,0.201136816
568343,0.201189897
898153,0.201263349
1283620,0.201339984
307542,0.201402619
16458,0.201415278
739958,0.201426722
931037,0.201456087
13966,0.201465681
944701,0.20152289
8467,0.20157356
1024442,0.201584976
947584,0.201600313
932233,0.201649111
350930,0.201725932
1440272,0.201759452
1546029,0.201850861
1432733,0.201855311
1432732,0.201855951
566776,0.201963831
568323,0.20202549
1000518,0.202029006
736824,0.202048509
1283273,0.202078552
1283182,0.202082951
1365567,0.202103716
1250565,0.202258605
352905,0.202280217
646452,0.202284653
502647,0.202324348
352773,0.202478616
647552,0.202487963
567405,0.202544441
739963,0.202557273
1433507,0.202590038
996899,0.202655121
897841,0.202674719
10880,0.202675034
566186,0.202681495
352125,0.202682306
568070,0.202691524
826802,0.202698782
2760,0.202737852
1284089,0.202765239
1732445,0.202791852
737176,0.202829188
361245,0.202884776
823909,0.202907237
788849,0.202936385
1364833,0.202972956
1433587,0.202983541
742074,0.203007053
1250513,0.203032062
4794,0.203047231
1731388,0.203085037
1732913,0.203119419
482140,0.203159889
941387,0.203210428
745301,0.203250208
794970,0.203260655
946148,0.203262387
566861,0.203299293
452469,0.203406974
1372798,0.203483443
1546158,0.203535873
1373213,0.203556627
646451,0.203558479
1105090,0.203584927
728392,0.203588839
1429130,0.203591699
18167,0.203638818
1040495,0.2037951
898948,0.20387668
818171,0.203972355
361398,0.204046903
354779,0.204057106
825751,0.204057125
582664,0.204102111
1429135,0.204120169
1033169,0.204170909
1284057,0.204178329
10972,0.204248414
1250590,0.204249605
304784,0.204251594
737173,0.204316128
1429134,0.204318859
409635,0.204467608
451899,0.204511597
6921,0.204607228
1284090,0.204734191
1250557,0.204756911
1374343,0.204776324
1740071,0.204777686
1101462,0.204787206
1448229,0.204833851
916083,0.204848773
1054624,0.204877565
1630597,0.204910457
306248,0.204939875
1283900,0.20495229
788117,0.204971543
483110,0.205017505
1037781,0.205023133
695393,0.205115884
1405888,0.205195262
899992,0.205197939
463629,0.205229302
307278,0.205272365
433431,0.205292333
582055,0.205309144
566430,0.205331228
467765,0.20535455
1429162,0.205374668
347568,0.20548576
739961,0.205574812
1024240,0.205589651
1630575,0.205591892
788850,0.205612969
433379,0.205650924
1731418,0.20575773
362908,0.205850089
411621,0.205850725
567979,0.205942506
933100,0.205962581
18768,0.205971557
1442705,0.206027982
1041696,0.206479942
944120,0.206539688
2761,0.206921281
7916,0.206988416
445236,0.206998906
28071,0.207034428
507207,0.207036403
1736038,0.207070326
1108051,0.20708214
18769,0.207158544
995933,0.207259523
1482626,0.207341482
941322,0.207447878
818908,0.207449984
1429146,0.207477464
1280689,0.207484485
1209459,0.207628898
1546131,0.207636136
1033343,0.207761948
931895,0.207783288
1344731,0.207879236
1202427,0.207902606
1429144,0.208015448
1250504,0.20803928
484005,0.208077615
1283373,0.208136091
1283329,0.208138272
568248,0.208250809
349751,0.208341881
1040665,0.208497815
10155,0.208508904
1433514,0.20855579
11414,0.208559307
505579,0.208607638
951219,0.208615504
10991,0.208618236
306331,0.208619808
409558,0.20863631
897582,0.208685387
350135,0.208733173
1106960,0.208773586
501598,0.208793837
1053847,0.208814733
1433586,0.208852358
416184,0.208854038
566143,0.208854047
1284073,0.208880338
1250555,0.208921372
1104602,0.208945381
307238,0.208945451
1546132,0.208966623
1431245,0.208978709
30316,0.208987955
344119,0.209018158
1283315,0.209036784
561903,0.20922976
1448467,0.209255663
1447000,0.209277344
1369030,0.20931661
305770,0.209359954
11000,0.209360419
351746,0.209408792
825787,0.209409042
352791,0.209443391
740012,0.209459495
343736,0.209536415
742004,0.209586876
10664,0.209590745
1373719,0.209617771
568224,0.209622149
786705,0.209678321
1025695,0.209720203
1283224,0.209743949
1444663,0.209744974
1546339,0.209793167
504591,0.209970781
828430,0.209997853
1376081,0.210206864
1630630,0.21020756
998659,0.210222449
501275,0.210288571
8047,0.210350621
1374360,0.210355382
360756,0.210372079
1032066,0.210421028
394829,0.210460134
1745659,0.210528945
14592,0.210534164
1747742,0.210559089
411208,0.210566213
795554,0.210648074
931170,0.210712785
943358,0.210763405
16575,0.2107656
1735966,0.210869778
566507,0.210899457
345008,0.2109406
1106510,0.210960027
1431270,0.210998205
1478467,0.211021905
361027,0.211097002
818963,0.211215007
344136,0.211281075
1478504,0.211452279
566245,0.211454137
828386,0.211497483
353989,0.211531976
351056,0.211569098
646874,0.21165446
767457,0.211693391
1283314,0.211708357
1283297,0.211712597
503031,0.211812864
1280780,0.211838804
1387259,0.211879421
483601,0.211940923
1546037,0.211980857
351539,0.211985684
1005201,0.212049946
307325,0.212054508
1063536,0.212058397
961287,0.212072158
1478524,0.212080772
1740952,0.212095842
1517862,0.212156802
10152,0.212251943
1025704,0.212346936
348244,0.212361559
304923,0.212371945
411233,0.212461312
361553,0.212645157
5215,0.212770664
1368245,0.213057394
787094,0.213145982
942353,0.213146359
7-Zn3TeI3-221-8637045_2,0.213154078
767588,0.213159643
521027,0.213187066
1021735,0.213225615
1369975,0.213232617
1731450,0.213398165
1024477,0.213427404
1731365,0.213443064
913448,0.21362046
450656,0.213649891
566529,0.213724223
410452,0.213794357
820441,0.213870194
1022033,0.2138979
394891,0.213926556
1428900,0.213942563
484209,0.213951656
2477,0.213998018
995728,0.214000423
1344058,0.214002844
501968,0.21408981
1021771,0.214109362
881000,0.214198058
1546333,0.214203171
1250500,0.214246604
713818,0.214266546
1284081,0.214294788
452579,0.214404295
1445623,0.214449113
1546000,0.214457686
5621,0.214479769
29028,0.214501175
354450,0.214599655
481775,0.214605642
826211,0.214616894
1106917,0.214680405
1003844,0.214684327
1039431,0.214709833
1748452,0.214773624
1738491,0.214832684
1370912,0.214866195
10861,0.214890741
363031,0.214892492
1261041,0.214997084
344619,0.214998591
18037,0.214998716
1003841,0.215009268
468177,0.215032723
10963,0.215062918
30581,0.215126185
1106958,0.215149824
1283203,0.21515115
1283388,0.21515828
1493105,0.215177586
567021,0.215442223
344421,0.215635381
740009,0.215711138
646210,0.215759648
1006351,0.215776898
960850,0.215810333
734704,0.215913492
348275,0.215925847
1517863,0.216000915
1752995,0.216012173
11166,0.216065224
1432734,0.216156273
1284075,0.216170274
1490701,0.216248766
484227,0.216272453
942602,0.216306894
1284056,0.216315602
513647,0.216324653
29032,0.216339335
345877,0.216377309
1493176,0.216463384
941566,0.216493005
582894,0.216516247
1752998,0.216519189
986197,0.216561354
347116,0.216617047
10611,0.216617105
348692,0.216627201
17972,0.21662897
10681,0.216694688
305766,0.216699782
943033,0.216762612
394913,0.216881176
7-Zr3NiCl3-221-8754534_2,0.216892778
1546355,0.217061023
1250556,0.217076632
55142,0.21709826
18741,0.217098441
306174,0.217135903
1284076,0.21715754
1346557,0.217218501
914410,0.217218898
1493170,0.217237463
8437,0.217277025
515965,0.217356808
937227,0.217396287
514973,0.217487285
1003856,0.217491794
913666,0.217517998
346932,0.217586422
1740721,0.217673128
352124,0.217844264
693114,0.217856411
1365379,0.217869399
15054,0.217883771
18359,0.218033428
742008,0.2182183
959187,0.218319917
1429019,0.218347423
1352923,0.218355139
345217,0.218429571
10964,0.218434691
1103516,0.218515651
355189,0.218547614
450414,0.21858674
1284080,0.218748858
8453,0.218820768
1106420,0.218849165
349220,0.218915842
1049787,0.218992282
1562325,0.219004825
1346530,0.219036946
1731405,0.219041995
736863,0.219156366
1387856,0.219190816
942195,0.219229772
1353034,0.219243362
947527,0.219285433
712782,0.219292863
563525,0.219303848
345303,0.219308831
1438265,0.219436837
1441049,0.219437045
566562,0.219491587
941748,0.21951333
1551096,0.219704707
742006,0.219712686
431592,0.21983381
884763,0.220022187
932733,0.220091615
433245,0.220091803
1283731,0.220109686
307574,0.220113264
17443,0.22011329
1250593,0.220113881
1284096,0.220126134
344348,0.220173484
547948,0.220173782
1388089,0.220201726
960103,0.220210653
788021,0.220361241
411180,0.220409183
1433497,0.220528697
1428909,0.220589105
344237,0.220601534
945307,0.220607143
942234,0.220607885
951696,0.220646281
881573,0.220699261
567584,0.220847989
1482995,0.220882266
431670,0.220888474
348427,0.220890881
1429131,0.220933363
1348546,0.221033285
344191,0.221251365
18089,0.221252095
1717400,0.221279074
346796,0.221284377
18074,0.221347779
349187,0.221348216
582527,0.221389649
21174,0.221488988
305968,0.221495392
29043,0.221498393
88036,0.221498393
676556,0.221517108
867776,0.221584643
411030,0.221628319
1723372,0.22165336
411517,0.221667441
930812,0.221843136
1345060,0.221963913
434096,0.222016255
1377290,0.22219272
504042,0.222243603
1283462,0.222272396
914615,0.222291905
742009,0.222477364
362354,0.222499586
1235122,0.222531685
673103,0.222532091
566505,0.222618637
18172,0.222624973
306999,0.22262571
1033097,0.222634746
345239,0.222637653
1732298,0.222668697
1387971,0.222827548
940983,0.222831071
1105539,0.222887874
1024455,0.222893872
349528,0.222919226
346944,0.222962456
995722,0.222969695
810677,0.222974881
345883,0.222976874
10118,0.222977854
307672,0.223010424
583074,0.223041607
1374129,0.223066623
937405,0.223081092
767679,0.223132226
1428881,0.223174629
1357607,0.223193662
310014,0.223231445
1443623,0.223268654
1357584,0.223319156
348125,0.223325643
17759,0.223326539
786693,0.223364301
1202421,0.223392695
1431150,0.223402693
937798,0.223403247
343669,0.223439064
13955,0.223547085
914736,0.223566866
794879,0.223690102
960189,0.223712607
914772,0.223718928
344483,0.223736737
17387,0.223736842
1732883,0.223748716
1031978,0.223755242
1369521,0.223766916
1283742,0.223829787
1005025,0.223861089
1751210,0.224002475
14849,0.224092804
511823,0.224093124
306061,0.224093707
18674,0.224093735
10473,0.224254989
492142,0.224310144
350886,0.224331843
1346661,0.224354495
343835,0.224363114
17601,0.224379088
899548,0.224405627
682524,0.224473151
795087,0.224618027
936729,0.224691001
845211,0.224789123
350793,0.224807338
818971,0.224872226
468175,0.224993979
363742,0.225067167
1367754,0.22516686
10641,0.225208276
951367,0.225295383
767592,0.225365737
7-Al(NiN)3-221-5695364_2,0.225387945
23366,0.22540992
306895,0.225543122
915263,0.225639123
305296,0.225710842
343462,0.22575922
1630585,0.22579173
346843,0.225813004
353213,0.225880838
21552,0.225910079
1433505,0.22591643
346838,0.225931675
350264,0.22596827
827001,0.225989481
681962,0.225991493
353000,0.226018097
414581,0.226084505
503549,0.226192576
521896,0.22629266
347649,0.226342214
515850,0.226386535
89859,0.226453059
17407,0.226454194
936433,0.226455405
306725,0.226455733
943125,0.226588153
1005183,0.22664389
946882,0.226712438
1024246,0.22674953
463254,0.226786948
347552,0.226924058
307923,0.226935806
346903,0.226942658
17860,0.227117701
305120,0.22711866
579890,0.227153799
1369974,0.227181385
1739839,0.227246448
307086,0.227278576
353969,0.227289313
304675,0.227380005
1385447,0.227387385
1739834,0.227560492
961345,0.227591824
1218473,0.227599773
886890,0.227635713
348581,0.22773555
5488,0.227859553
363080,0.22786369
944764,0.22788713
819696,0.228003155
347956,0.228011631
1222701,0.228123685
8457,0.228125438
1243419,0.228129042
646937,0.228153579
713295,0.228185758
1011057,0.228245405
884836,0.228255044
1283719,0.228274765
1723515,0.228280055
561848,0.228467619
499924,0.228494487
307781,0.228503374
17427,0.228503413
1722825,0.228514245
682704,0.228541165
948149,0.228550739
394649,0.228660056
1234142,0.228707959
344210,0.22882794
11128,0.228882609
304501,0.228889474
55542,0.228908274
503581,0.228952035
959789,0.22901716
353425,0.229019235
825436,0.229021343
931594,0.22920476
567276,0.229288125
960211,0.229362649
306797,0.229438207
29029,0.229438851
88025,0.229439312
22016,0.22944831
713428,0.229501646
354707,0.229563648
681204,0.229564129
931191,0.22959927
1021660,0.229611132
1722877,0.22964868
347481,0.229710215
17997,0.229710844
1431221,0.229770346
18090,0.229859982
305874,0.229860456
311475,0.229863336
1003820,0.229905013
952751,0.229969383
349401,0.230010217
344195,0.23018623
788888,0.230276456
5709,0.230309575
943291,0.230553848
796483,0.230555565
1218263,0.230734494
11181,0.230898345
345895,0.230898416
115027,0.23089867
344927,0.230927433
788941,0.231210796
1472782,0.231289252
1338413,0.231305208
1473613,0.231306229
1283865,0.231322662
1473028,0.231323288
557363,0.231500191
7-Zr3AuBr3-221-6835201_0,0.231743196
1023013,0.232061956
1006045,0.232087172
1428941,0.232138453
1414071,0.232167936
90791,0.232202373
18083,0.232202373
305842,0.232203031
500558,0.232219344
305473,0.232258078
10822,0.232258854
347941,0.23231039
416090,0.232315434
433216,0.232386187
1735924,0.232409841
646450,0.232431497
1428906,0.232448734
1428910,0.232481418
999932,0.232483045
11175,0.23252654
305043,0.232527303
307120,0.232537537
452095,0.232759537
1738497,0.232833306
31809,0.232931817
515653,0.23293769
884784,0.232961023
1343988,0.232973878
13959,0.233134282
936511,0.233134598
1366681,0.233136638
819689,0.233346731
304431,0.233408901
354102,0.233500158
682201,0.233500341
826818,0.23353729
362845,0.233550605
692332,0.233623761
646491,0.233647852
1428955,0.233784499
18031,0.233848863
348931,0.233849147
349973,0.233857625
566504,0.233890569
646185,0.233955953
675175,0.233955953
18106,0.233992306
305071,0.233992846
732977,0.234024269
763641,0.234063224
307305,0.234084432
1742253,0.234196443
17915,0.234209876
343874,0.234210807
350911,0.234277191
999936,0.234351723
712798,0.234429116
713152,0.234561325
1283733,0.234595718
1283901,0.234614391
789187,0.234654999
11051,0.234671762
501403,0.234741448
1428911,0.234810577
946107,0.23482875
737170,0.234882766
817559,0.234930028
1283850,0.234986504
685941,0.234986978
520158,0.235070072
947631,0.23515409
1012397,0.235477927
860574,0.235598049
7-Zr3PtCl3-221-1610836_2,0.235601803
343610,0.235681686
579548,0.23573171
1428939,0.235823147
696710,0.235911698
948026,0.235931138
682549,0.235958609
351069,0.235963531
8485,0.235963962
978638,0.235981541
1897,0.236023627
528646,0.236084503
18081,0.23621789
345077,0.236218474
1218266,0.236390849
933031,0.236680846
7-Al(AgTe)3-221-8873424_2,0.236779176
307331,0.236800312
959189,0.236832729
742030,0.236839279
1898,0.23687378
1431198,0.236898975
892444,0.23693194
1000782,0.236945857
693110,0.23696134
352644,0.237024008
1428954,0.237083102
314487,0.23718626
1431201,0.237215075
995719,0.23724141
1250585,0.237287946
1284087,0.237289015
740019,0.237365435
1005714,0.237393753
1732919,0.237490295
512345,0.237516234
306593,0.237573416
89558,0.237574083
30309,0.237574083
786796,0.237581383
647015,0.237668526
104099,0.237718816
305672,0.237718816
105788,0.23771903
17663,0.237726534
731647,0.237737958
1744141,0.237771326
828111,0.23786981
693226,0.237901314
351992,0.237902158
307508,0.237910042
17596,0.237910815
1366988,0.238105475
416338,0.238107513
931466,0.238210022
946951,0.238411255
345569,0.238499319
18333,0.23854501
1428999,0.238610942
348744,0.238612805
1718,0.238644802
348123,0.238727841
1428921,0.238826095
26041,0.23885415
1723484,0.238868644
1723507,0.238901907
697183,0.238956461
734949,0.239051313
415164,0.239057273
346766,0.239090521
1368838,0.239114678
1445903,0.239133968
502522,0.239170608
18356,0.239213798
346297,0.239214491
898164,0.23927022
5342,0.239288357
546102,0.239388295
500646,0.2394477
697182,0.239543229
3580,0.239648959
787197,0.239802749
1283732,0.239804819
355012,0.23981063
947964,0.239929559
1002317,0.239978688
1723485,0.239991236
561069,0.24008503
775937,0.24008935
557959,0.240099232
892459,0.240148765
17590,0.240197153
305754,0.240203451
740032,0.240219946
947910,0.240324935
349769,0.240357579
11516,0.240460691
646968,0.240615812
345474,0.240639657
977405,0.240690574
1284108,0.240691885
1406253,0.240811804
995044,0.24084217
4523,0.240998867
1283563,0.241010631
948412,0.241032803
306310,0.24103732
1032071,0.241090417
344287,0.241168429
10971,0.241184302
899666,0.241257423
1101382,0.241423895
767446,0.241579042
1431218,0.241727495
7-Y3HfAs3-221-8646087_1,0.241730659
806071,0.241743635
349546,0.241749052
17747,0.241749163
1024193,0.241853121
409859,0.241909358
1742255,0.2419274
368973,0.241989559
1004858,0.242020893
345710,0.242112529
946639,0.242296909
946823,0.242325395
1041693,0.242349614
562850,0.242356005
1428967,0.24243301
997123,0.242464218
740033,0.242511994
7-Li(ZrH)3-221-267917_1,0.242523482
349552,0.242781006
1753070,0.242834999
681061,0.242925779
353260,0.242925779
826164,0.242927863
682681,0.242928006
894774,0.242945969
998237,0.243180663
1040695,0.243276142
1235065,0.243298593
345100,0.243436717
1346731,0.243455739
504149,0.243464403
773583,0.243521323
1035543,0.243534154
932829,0.243580457
499702,0.243663262
7-Sb3Au3Cl-221-6223231_2,0.243668247
800290,0.243673438
557577,0.24370418
556578,0.243776165
1223434,0.243954758
867638,0.243986848
1723500,0.244072817
765205,0.244105777
1723486,0.244111106
734898,0.244124938
10797,0.24414353
307757,0.244145505
1365889,0.244184146
737547,0.244197468
946129,0.244312274
1431208,0.244386618
1410886,0.244539066
304852,0.244569546
1222865,0.244678917
819805,0.244697349
1365711,0.244863745
998666,0.244893046
1283875,0.244954091
1261046,0.244961344
1718221,0.24506548
899348,0.245092602
307352,0.245119759
17944,0.245120101
1106242,0.245409102
797868,0.245456562
646222,0.245477153
1431207,0.24548748
897563,0.24549004
1365237,0.245521302
898074,0.245526617
326837,0.245560478
556249,0.245712307
647018,0.245741769
326081,0.24575758
728734,0.245864861
1482117,0.245904452
1283876,0.245926624
55558,0.245947032
11153,0.245947074
306922,0.245948032
8233,0.246091265
1224082,0.246137536
1012550,0.246205306
1004837,0.246289583
460186,0.246304252
1101381,0.246338245
22862,0.246346322
502708,0.246426098
739959,0.246454822
566615,0.246715794
305927,0.24677474
795551,0.246860241
304995,0.246937716
4643,0.246950542
1106307,0.247089428
932393,0.247138992
1006017,0.247236647
997299,0.247352189
562666,0.247507934
742106,0.247531462
702041,0.247539124
995624,0.2478149
1431250,0.247912611
1432730,0.247948039
1616,0.248006403
352745,0.24808574
500683,0.248110675
1201756,0.248296182
368386,0.24830179
1054643,0.248329662
899847,0.248347342
1376008,0.248376922
1004768,0.248396367
17880,0.248396733
1106961,0.248490772
742107,0.248516808
1370427,0.248535558
1392937,0.248838556
899464,0.248877082
826203,0.248945284
1011843,0.248957665
693527,0.248959991
350304,0.248960682
797466,0.249130816
734899,0.249318307
734867,0.24932178
680773,0.249322491
7-Hf(ScC)3-221-8591498_2,0.249437121
25699,0.24968806
742067,0.249787
7-Ti3BeCl3-221-3783341_2,0.249800754
1106844,0.249840466
23606,0.24986367
459199,0.249895463
17907,0.249960217
742068,0.25000359
1222958,0.250023888
579326,0.250086284
314914,0.25014979
352542,0.250280819
810639,0.250306865
786797,0.250398258
10385,0.250507406
354135,0.250537088
715118,0.250546314
946541,0.250622329
10077,0.250625707
648576,0.250631262
16829,0.250722578
994928,0.250739841
1104016,0.250749035
1274024,0.250878298
555946,0.2508964
742034,0.250902538
996860,0.250992496
997267,0.251020598
305528,0.251104588
4138,0.251104883
1729255,0.251123213
1044351,0.251196923
351108,0.251198035
20396,0.251202507
1709322,0.251236694
501494,0.25137073
1218229,0.251393327
10879,0.251407497
459690,0.251433814
306172,0.251447422
6118,0.251501308
561239,0.2515093
313494,0.25152912
711879,0.251779181
1384067,0.25195391
1284105,0.251964633
739955,0.2520557
346623,0.252128604
1218274,0.252149328
910232,0.25215939
546524,0.252172667
416004,0.252195619
568026,0.252215785
1402500,0.252277457
797869,0.252314048
7-Al(HgSb)3-221-4408009_2,0.252351769
346470,0.25243351
561150,0.252435794
31231,0.252488772
307146,0.252488855
89616,0.252489564
561027,0.252628227
30255,0.252673968
1371891,0.252770524
571264,0.252880973
18509,0.252960891
499752,0.253000064
368364,0.253007348
734864,0.253018416
450844,0.253021787
1005492,0.253092356
348071,0.253118258
90117,0.253126976
1105460,0.253308346
31052,0.253453207
742037,0.253460714
824023,0.253619472
349669,0.253621698
18499,0.253622087
307180,0.253629168
561577,0.253637124
17610,0.25364472
504050,0.25369251
499974,0.253751471
567883,0.253785839
305575,0.253802401
1709361,0.253804439
716467,0.253881775
521826,0.253972551
852547,0.253982156
941823,0.253985953
794247,0.254059719
1402655,0.254147042
504212,0.254407954
500829,0.254421902
556606,0.254442737
1054640,0.254446844
996998,0.254447925
352038,0.254562992
349809,0.254684719
1718124,0.254714571
566885,0.254816679
711317,0.254841799
713452,0.255002866
349422,0.255036583
1117542,0.255065551
345646,0.255149107
7-Ti3SnTe3-221-6338106_0,0.255224828
504402,0.255307311
1404408,0.255477435
1752944,0.255517922
410257,0.255521296
556341,0.255572739
368791,0.255624898
1121883,0.255695803
997019,0.255714268
884787,0.25573257
307860,0.25581653
995846,0.255859169
22530,0.255872697
55028,0.25587693
305079,0.255880489
94482,0.255892591
1555164,0.255895428
354431,0.255905436
795681,0.255967582
562369,0.255968144
960942,0.2560546
1413367,0.256101094
825769,0.256130725
351750,0.2561329
1722823,0.256136557
693138,0.256143697
899463,0.256456325
1389792,0.25661255
1718217,0.256621743
998498,0.256767701
1722818,0.256807463
1714692,0.256838472
557702,0.256899572
1710689,0.256958759
776300,0.25710039
893336,0.2571027
775484,0.257111569
525286,0.257280875
343215,0.257359976
804514,0.257383366
1739877,0.257410364
765178,0.257558839
996932,0.257569115
345157,0.257598565
344242,0.257615537
1223453,0.25765499
1477550,0.25768688
819780,0.257704996
451024,0.257820891
18029,0.258022573
7-Ti3InSe3-221-338198_2,0.258204553
563409,0.258214389
1218375,0.258248663
797907,0.258297042
931641,0.258301126
739962,0.258466429
561272,0.258573577
808154,0.258626586
773584,0.258700871
765181,0.258704344
945951,0.258716853
997016,0.258747075
937087,0.258809504
1106635,0.258811749
1288727,0.258942926
996887,0.259085878
1718222,0.259090249
1109832,0.259093754
1040866,0.259207563
6119,0.259258501
370325,0.259394889
1501882,0.259456604
1439695,0.259485817
998123,0.259682782
1101398,0.25980607
7-Zr3InTe3-221-4653386_0,0.259825541
1105437,0.259831329
304604,0.259967823
915840,0.259983404
30987,0.260010241
714784,0.260182571
745721,0.260206239
998034,0.260262139
504298,0.260276426
13961,0.260356538
998410,0.260388267
1718227,0.260465775
931874,0.260568907
773587,0.260648281
1106363,0.260654288
344906,0.260940843
765376,0.261039066
562862,0.261045833
7923,0.261055028
1706691,0.261081843
502937,0.261100584
898822,0.261167969
797803,0.261189172
1501880,0.261249132
562321,0.261276268
1104335,0.261324827
1706615,0.261336823
369203,0.261520362
348522,0.261527912
18039,0.261528669
28054,0.261569325
41661,0.261641316
17353,0.261664237
347231,0.261788533
24112,0.261817223
19393,0.261930377
1283627,0.261958891
348006,0.262019233
556429,0.262227629
510146,0.262452477
1010070,0.262463983
1714574,0.262542563
10390,0.262555092
415079,0.262572784
996946,0.262616252
562741,0.262674778
804552,0.26269195
348534,0.262704052
1012603,0.262715531
1009989,0.262723399
488109,0.262752274
808256,0.262755629
562776,0.262848724
1039403,0.263176306
566130,0.26320849
18350,0.263329984
501640,0.263374174
985659,0.263433551
745722,0.263447157
767537,0.263527749
328926,0.263627146
1237912,0.263632021
501123,0.263651316
808259,0.263729691
7921,0.263902163
996456,0.264176837
413196,0.264184172
7-Zr3Bi3Pb-221-4851604_2,0.264356558
542264,0.264433959
765034,0.264468941
304541,0.264478861
568255,0.26453435
1714680,0.264539684
814525,0.264570528
702378,0.264790625
576203,0.264885393
941684,0.26498281
411954,0.265035961
310953,0.265053561
14029,0.265126078
526207,0.265186924
765255,0.2652282
948513,0.265285008
17404,0.265312569
306433,0.265341969
1103698,0.265355216
740006,0.265384686
804448,0.265525425
566182,0.26561845
1375057,0.265728966
415641,0.265733407
504046,0.265764208
7-Hf3HgTe3-221-2592831_2,0.2657715
17537,0.265802565
808360,0.265832843
459215,0.265857178
808152,0.265868615
19394,0.265889502
1714686,0.265920087
501779,0.265956706
486882,0.265975052
567870,0.265988159
7-Hf3ZnSe3-221-9689131_0,0.266115573
415040,0.266192054
349348,0.266235062
898369,0.266278661
579314,0.266350366
804656,0.266406805
808155,0.26659627
944765,0.266602768
1218445,0.26663517
562076,0.266743413
809042,0.266796041
814630,0.266800002
742002,0.266828448
572030,0.266838121
7922,0.266863869
885046,0.26695138
18197,0.267015698
348859,0.267015757
556734,0.267123376
416059,0.267199595
773478,0.267220828
7924,0.267295907
566673,0.267371637
540567,0.267388463
1714643,0.267522748
349556,0.26753745
12890,0.267592716
1714689,0.267629413
1017675,0.267683216
370389,0.267761563
1731367,0.267837887
1117385,0.267854434
562439,0.267878779
567938,0.267887909
946706,0.267905983
925506,0.267910343
667869,0.267937841
20395,0.267978493
1287221,0.268132784
1287219,0.268143834
463937,0.268280009
1714666,0.268446126
562614,0.268655257
899598,0.268753376
767650,0.268842123
996614,0.268944718
311529,0.268971401
348098,0.268972912
501250,0.268981182
566429,0.268989189
368949,0.269061795
996702,0.269269416
808333,0.269323444
501266,0.269640792
814733,0.26967717
567451,0.269680193
768955,0.269777021
3653,0.269815335
10907,0.269857885
313529,0.269868325
8113,0.269868653
309145,0.269929645
1439711,0.269945956
1714660,0.269949121
1343363,0.269949569
501932,0.269956603
349599,0.269989287
805064,0.269992424
767677,0.270262188
997824,0.270310001
10777,0.270315024
307722,0.27031743
1443657,0.270454367
814734,0.270486144
1218392,0.270558248
909532,0.270562294
1714691,0.270579221
1222998,0.27064787
499711,0.270726464
30206,0.270834587
737835,0.270843232
311445,0.270959403
886809,0.271101411
415888,0.271256476
1373636,0.271338839
10095,0.27136213
1002260,0.271397981
898544,0.271594644
798138,0.271652366
1283186,0.271670033
568052,0.271720253
581243,0.271761418
743327,0.271928686
1714683,0.271961722
414847,0.271980048
415394,0.272006372
349897,0.272093311
582318,0.272107783
6913,0.272116683
1375497,0.272123792
1010599,0.272231896
773531,0.272355846
415507,0.272463987
997006,0.272616704
347516,0.272739161
17752,0.272739251
350872,0.27285372
1348414,0.272865858
1714682,0.272921464
1011099,0.27312428
416120,0.273163011
308802,0.273186034
561609,0.273199506
310866,0.273225084
502011,0.273261429
562007,0.273292497
500702,0.273454554
783332,0.273556873
1283510,0.27362052
1012197,0.273795484
567295,0.273834474
1368634,0.273857762
1024368,0.273895349
391808,0.27394767
512023,0.273952021
1222562,0.274079505
818817,0.274166958
580009,0.274337888
765153,0.274406371
415335,0.274426352
702198,0.274430745
798693,0.274547437
336658,0.274601224
17297,0.274603447
305116,0.274605712
934926,0.274709709
1222850,0.274733615
527727,0.274801656
1283328,0.274881844
7-As(PtI)3-221-4743689_2,0.274918103
416307,0.275023445
306889,0.275068539
17995,0.275068539
1714681,0.27522434
343674,0.27524711
705186,0.275278979
561534,0.275302931
313692,0.275401805
1218515,0.275405157
305266,0.275416482
313047,0.275497791
542578,0.27583085
314261,0.275894922
918215,0.275896289
1391816,0.275982978
527284,0.276027459
562414,0.276086207
1481046,0.276115684
472333,0.276134329
557743,0.276219364
994742,0.276525404
18108,0.276553668
348923,0.276569247
699303,0.276690448
311768,0.276880459
784678,0.276964191
646223,0.277192028
1556716,0.277213935
804770,0.27736252
580535,0.277444635
803173,0.277455634
369204,0.277562712
501490,0.277571139
1410179,0.27768613
562103,0.277783307
499780,0.277825689
1551197,0.277990868
885608,0.278052845
343615,0.278056593
1011043,0.278101814
314853,0.278117253
768940,0.27814725
308748,0.278216313
728747,0.278324625
511518,0.278334409
527305,0.278334544
487378,0.278549517
772171,0.278645442
806014,0.278692285
393047,0.278905366
961332,0.278932221
1714694,0.278950871
572849,0.278975238
1222586,0.279211721
416202,0.27923233
27136,0.279235029
532673,0.279257649
344102,0.279284987
557536,0.27934429
998682,0.279409985
472994,0.279529969
4828,0.279545532
3167,0.279553841
1480856,0.279628186
1737790,0.279721997
7551,0.279860501
798947,0.279885439
314468,0.280002454
1440819,0.280043654
414612,0.280068569
704449,0.280121812
805910,0.280482432
702328,0.28050156
1481104,0.280603995
697612,0.280832892
1754122,0.280861651
995819,0.280918533
1022714,0.281071149
1343659,0.281211112
532035,0.281276428
563099,0.281279664
804575,0.281304341
13853,0.281398264
325865,0.281512172
728707,0.281541151
17718,0.281757821
742010,0.28177956
369322,0.281841733
940995,0.282033037
562151,0.282301849
765293,0.282327436
1022729,0.282396601
795642,0.282578203
1345953,0.282643039
392746,0.282694939
795538,0.282738697
1445799,0.28296342
348615,0.28296787
18866,0.282968789
13935,0.282976986
737544,0.283135459
566964,0.2832571
767559,0.283278814
803213,0.283293619
16-Mg(Be4Co)3-221-3237609_1,0.283317639
16-Be12FeIr3-221-7830514_2,0.283631991
1556714,0.283676362
530571,0.283892126
414194,0.284086082
347993,0.284138859
902986,0.284338355
307910,0.284372937
547425,0.28444023
957940,0.284486834
568184,0.284765477
697084,0.284766495
561391,0.284786689
7-Hf3CoSe3-221-3100414_2,0.284962706
798811,0.284968307
809936,0.285117058
22263,0.285179583
768601,0.285226556
909393,0.285265681
703248,0.285305955
567963,0.285520742
773532,0.285538845
345798,0.285603242
10541,0.28563289
958489,0.285724422
909553,0.285873343
13828,0.285923848
31202,0.285990823
556586,0.286307878
1718194,0.286311599
412956,0.286331911
5117,0.286338949
531383,0.286347828
474046,0.286381882
994747,0.286401391
562587,0.286495216
542640,0.286544286
473374,0.2865986
768669,0.286629254
525537,0.286683339
347623,0.286687407
941777,0.286931904
307047,0.286999542
501006,0.287078548
1002417,0.287107279
1744135,0.28723514
765046,0.287237471
1377417,0.287262473
581320,0.287287666
1728593,0.287311375
531773,0.287420264
806029,0.287468953
344817,0.287515515
94380,0.287584651
392641,0.287679942
956931,0.287727666
909194,0.287789793
696850,0.287876635
715415,0.288032874
309647,0.288064485
699385,0.28821046
697180,0.288262887
392931,0.288375241
1222744,0.288406553
308969,0.28844619
1224145,0.28860869
579602,0.288621699
816092,0.288665933
391546,0.288708989
579825,0.288851065
313506,0.288911399
344826,0.288971356
314195,0.289425669
808494,0.289428434
1006467,0.289594967
998138,0.289661038
765202,0.289795368
561224,0.28986676
997412,0.289912603
572647,0.290164554
449310,0.290188037
562336,0.290285078
765059,0.290291605
20145,0.290321414
29360,0.290333925
729608,0.290353274
815988,0.290381826
778590,0.290388461
346288,0.290433636
1041667,0.290452292
10890,0.290507515
487119,0.290606183
1283353,0.290613273
308959,0.290629729
731681,0.290642851
526124,0.290676912
908912,0.290825066
306510,0.290894251
459537,0.291008322
942854,0.291095183
1105884,0.291154686
1434963,0.291163709
1283312,0.291264668
1447726,0.291272827
500637,0.291277646
1104906,0.291283927
116234,0.291306946
305712,0.291306959
18101,0.291308012
697635,0.291316857
531040,0.291363022
531732,0.291388737
393548,0.291403779
938014,0.291509137
13962,0.291526663
392626,0.291575499
770675,0.291768774
543063,0.291943167
562366,0.291950543
22473,0.291951746
697358,0.292155582
309610,0.292257671
5774,0.292277552
10466,0.292428644
1002282,0.292469587
526722,0.292503083
391840,0.292633578
816196,0.292658083
13662,0.292687761
1344945,0.292689878
10584,0.292694176
568538,0.292732979
764429,0.292738348
305940,0.292895735
392832,0.292931103
770607,0.292960493
558313,0.292996641
738085,0.293125081
488221,0.293231893
1002368,0.293525353
328122,0.293658709
712802,0.293907045
310367,0.293908986
532469,0.294018596
312488,0.294039431
311103,0.294068972
94574,0.29410857
304819,0.294124092
18097,0.294127301
473624,0.294180115
392382,0.294196105
531439,0.294325709
42219,0.294329797
17365,0.294365493
306810,0.294426527
314320,0.294545125
313151,0.294554524
702251,0.294605213
348570,0.294855532
306731,0.29487338
310105,0.294875064
563403,0.295054513
346259,0.295208481
347004,0.295216702
894234,0.29524017
994825,0.295435558
13913,0.295492945
10904,0.295527351
13839,0.295641341
10612,0.295772864
1375859,0.295859021
488417,0.295978384
532135,0.296005331
306333,0.296039213
541258,0.29616484
702227,0.296174587
808252,0.296204131
1283503,0.296210855
957741,0.296800091
1002299,0.296829766
1002279,0.296897237
308281,0.297043467
1446098,0.297056111
306131,0.297069095
487588,0.297170642
860477,0.297204702
531465,0.297360242
307128,0.29753793
894418,0.297543501
1439930,0.297606128
310680,0.297637451
18443,0.297729207
530536,0.297763449
413805,0.297764429
5981,0.29787117
1283652,0.298110923
996764,0.298201228
309074,0.298275593
808148,0.298491294
532281,0.298586458
307308,0.298788717
1728590,0.298831866
1223454,0.298839543
413529,0.298928065
525626,0.299201847
1284110,0.299483581
804654,0.299537217
312595,0.29978669
304549,0.299866847
336091,0.299871488
17389,0.299872697
501846,0.299903496
1121713,0.299912244
310531,0.299980671
392013,0.300034956
532508,0.300041201
15510,0.30026875
932802,0.300440144
473826,0.300547619
488867,0.300609357
893038,0.300716113
510455,0.300916854
859227,0.300978488
805611,0.301008999
13906,0.301117605
47016,0.301140305
1011699,0.301199313
347186,0.301212739
308312,0.30125702
579952,0.301264508
29601,0.301319313
311594,0.301501656
567341,0.301663861
307599,0.30168737
17906,0.301688857
349717,0.301872631
348338,0.301960668
10768,0.302015551
892794,0.302271658
1112940,0.302287678
305686,0.302303013
393437,0.302321658
994781,0.302427989
804614,0.302590727
13837,0.302618019
918435,0.302653302
487334,0.302664189
776374,0.302743774
447203,0.302808326
393109,0.302920064
308709,0.30300342
472144,0.303242916
304840,0.303283357
542844,0.303327572
814626,0.303459636
893218,0.303460312
703424,0.303483172
460247,0.303495532
8402,0.303525727
18761,0.303596294
307523,0.303723137
1112275,0.303729309
392408,0.303751537
310099,0.303780174
306773,0.30378613
17904,0.303786478
90586,0.303789104
894088,0.304005515
1283653,0.30414909
500030,0.304161566
1043251,0.304245018
579269,0.304249059
308522,0.304404053
393274,0.304475863
4360,0.304484451
391512,0.304526874
306336,0.304553756
31126,0.304553993
116235,0.30457142
860043,0.304772625
898277,0.304942488
531555,0.305012759
579047,0.305084959
581067,0.305157331
808356,0.30518367
311317,0.305253516
1011427,0.305392188
305530,0.305393473
814522,0.305419151
1283867,0.305739832
7-Na(MoN)3-221-2228404_1,0.305892845
343984,0.305893598
1633908,0.30594414
930848,0.305976899
995525,0.305985871
471546,0.306076167
892744,0.306132168
804445,0.306144527
893284,0.306434279
776414,0.306487493
1443534,0.306487792
859979,0.306593914
770833,0.306697966
783212,0.307034523
391765,0.307044003
471738,0.307289925
804653,0.307338539
1114686,0.307352708
1283773,0.307467637
1005422,0.307656287
311999,0.307820222
500050,0.307926183
349593,0.308063074
392435,0.308260477
860863,0.30829
349451,0.308336563
488190,0.308346034
947107,0.30835625
745491,0.30841571
1113850,0.308457222
808149,0.30855579
893594,0.30866073
309421,0.308844889
860878,0.309083032
345981,0.309088449
17544,0.30908851
728740,0.309154041
391709,0.309182702
765253,0.309206592
306406,0.309258067
948244,0.309347387
525679,0.309385404
814627,0.309576786
473462,0.309771198
859963,0.309787844
894102,0.310016147
715070,0.310091676
306795,0.31034424
313331,0.310370073
816310,0.310413368
581255,0.310421548
580727,0.310466719
527157,0.310489923
18705,0.310511902
697346,0.310523866
305652,0.310648505
961366,0.310658131
344016,0.310696917
947586,0.310717526
349391,0.31090133
17363,0.310905742
783290,0.311000189
861132,0.311188699
859508,0.31146238
808330,0.311571692
808918,0.31157811
1007695,0.311684951
1283852,0.31184301
542494,0.312102694
729713,0.312116824
994892,0.312142219
349120,0.312274969
814730,0.312299713
729941,0.31231205
814523,0.312638125
648043,0.312665566
995506,0.3126928
16414,0.312747975
797918,0.312810383
1283709,0.312847932
815584,0.312893361
814731,0.313043831
412609,0.313121931
783330,0.313154999
7918,0.313339988
909592,0.3134082
307320,0.313482024
17380,0.313535633
805716,0.313787346
7-Nb3GaAs3-221-7735172_0,0.313793938
1236824,0.313943346
804783,0.3141222
742033,0.314145802
307201,0.314256364
309867,0.314273467
18299,0.314313853
17524,0.314407598
348720,0.314409703
412436,0.314501752
1011655,0.314524319
541861,0.314540887
305744,0.314647342
412617,0.314670057
773581,0.314923248
697382,0.314942285
805676,0.314953338
543050,0.315242976
369483,0.315334412
311058,0.315339553
907807,0.315403553
1114698,0.315750385
387763,0.315771376
933731,0.315857717
702065,0.315867997
897931,0.315963181
814704,0.316027884
18536,0.31605238
19373,0.316305376
798691,0.316445144
798582,0.316798109
885285,0.316814537
815766,0.316816887
379131,0.316839029
1121728,0.316941608
1234986,0.316973265
306376,0.317049227
860608,0.317426007
542527,0.317550106
780416,0.317732436
527713,0.31789296
772169,0.317908367
783329,0.317955017
305962,0.318034703
16871,0.318108872
19422,0.318137989
309897,0.318191691
306541,0.318252905
1223445,0.318278365
305558,0.318282184
89397,0.318282253
89398,0.318282253
19423,0.318317562
305598,0.318321722
17536,0.318323065
1283710,0.318413628
572646,0.318534606
13835,0.318551336
312920,0.318621932
546143,0.318672335
742028,0.318785041
934725,0.318848099
809079,0.31905984
346655,0.319110559
1346195,0.319261782
16-Al12CrRh3-221-5935636_1,0.319319235
13499,0.31945245
345127,0.319481391
805922,0.319526737
1008330,0.31954062
702613,0.319923602
702326,0.319932791
313311,0.319935633
729857,0.319944333
815793,0.32009188
1283440,0.320240577
3075,0.320244379
343649,0.320358554
814860,0.320379478
809039,0.320473185
307575,0.320561029
1222755,0.320634858
308435,0.320644976
376204,0.320767026
803170,0.3208004
472077,0.320829591
338532,0.320988501
306990,0.321026825
347798,0.321230584
742036,0.321332618
346693,0.321410301
1747711,0.321614218
486161,0.32176583
15032,0.321979837
996322,0.322072074
8223,0.322087455
571641,0.322133895
784675,0.322258797
511127,0.32247135
567500,0.32262888
1008468,0.322803126
348030,0.322999986
579368,0.323059924
346614,0.323097912
572548,0.323103408
349184,0.323199705
808266,0.323485477
347523,0.323561469
581345,0.323609296
304924,0.32365636
10550,0.323716003
934629,0.323838361
304462,0.32392792
29468,0.323933081
784637,0.324070194
546637,0.324219242
803102,0.324348496
573181,0.32438557
579687,0.324495974
24982,0.32489563
29555,0.324940968
347404,0.324941538
1450615,0.324951041
697633,0.324956856
807865,0.32532793
306578,0.325368737
16527,0.325489397
804563,0.325632432
703911,0.325659725
768938,0.32569328
10516,0.325886924
304487,0.325887656
94913,0.325889714
94919,0.325893485
472122,0.325940164
525445,0.325976558
1104249,0.326182112
719789,0.326234807
996696,0.326337685
803210,0.326731088
349072,0.326737905
768870,0.327064691
474033,0.327096579
346166,0.327119608
17518,0.327120386
703376,0.327153286
773114,0.327164424
473192,0.327181574
305241,0.327244915
18050,0.327244915
343698,0.327456596
460139,0.327466491
344895,0.327607835
17502,0.327608106
375994,0.32766399
343463,0.3276764
17533,0.327677109
566873,0.32767905
512158,0.327758121
305170,0.327889358
307231,0.327960096
473509,0.327973692
1238942,0.328237546
306487,0.328387525
344751,0.328415656
349918,0.328439945
773010,0.328703951
742029,0.328814834
1235046,0.328891658
344948,0.32891264
573327,0.329163399
809040,0.329332273
996611,0.329354331
994858,0.329602381
1481681,0.329915594
703900,0.330182604
344073,0.330276941
10122,0.330277615
958343,0.330283764
784792,0.330553339
1008465,0.330616255
305087,0.330692553
568576,0.331033531
765154,0.331193575
347782,0.331471234
572558,0.331488944
346626,0.332236938
347473,0.332372204
647222,0.332599912
768681,0.332977051
5177,0.33312842
31240,0.333454099
88346,0.333462422
957740,0.333463352
306556,0.333483877
779909,0.333842728
781942,0.333995119
729508,0.334085122
347327,0.334256634
346385,0.334260473
10614,0.334260564
773527,0.334263034
566525,0.33451434
816089,0.334606327
473589,0.334779563
729640,0.334883433
579059,0.334936849
1010124,0.334987606
18716,0.335195039
343143,0.335195039
582241,0.335456686
947548,0.336048437
1008324,0.33618311
815985,0.33660133
784793,0.337071267
307282,0.337154494
1008413,0.33722205
779937,0.337342498
893288,0.337445527
957642,0.337524141
731909,0.337535607
770672,0.337918806
1008450,0.338099868
814640,0.338114296
958269,0.338132877
304520,0.338300783
934846,0.338335828
811824,0.338350722
526685,0.33847759
307668,0.338636864
116118,0.338670811
10609,0.338673813
306457,0.338673938
770604,0.339091609
511223,0.339669429
306589,0.340167958
1106946,0.340544183
893984,0.340628956
458366,0.341596904
904130,0.34222995
343840,0.342449793
1011954,0.342788663
377747,0.342796844
377714,0.342896572
958416,0.343035379
306851,0.343235275
10539,0.343235275
4151,0.343254836
860047,0.343310389
1107016,0.343327863
304528,0.343415803
10576,0.343447414
893287,0.343452353
327509,0.343818094
306345,0.343878694
572770,0.343942417
713057,0.344623362
932068,0.344628657
859988,0.344760965
904665,0.345224878
307141,0.345623244
861128,0.345885114
893227,0.346039094
304791,0.346091258
1550413,0.346191156
8218,0.346909147
8226,0.347113175
1103872,0.347143231
894908,0.347241802
14032,0.347341972
1551256,0.347363552
1804,0.347454435
306170,0.348017556
861248,0.348202496
894473,0.348433354
7-Nb3SiAs3-221-8018723_1,0.348838682
567428,0.349022517
4837,0.34905313
957862,0.349395951
1733619,0.349699333
1104773,0.350607004
328526,0.350627186
376641,0.350694611
568609,0.350834441
326671,0.350960615
1104949,0.351325218
307843,0.351359716
1802,0.351701934
88389,0.351758767
29359,0.351866541
994872,0.352430819
1551326,0.352438069
304702,0.352650802
1551334,0.352830742
305812,0.352990507
1805,0.353073678
4149,0.353362966
1106032,0.353838807
1556499,0.354051598
933168,0.354395024
17700,0.354510437
568059,0.354510723
306355,0.354511104
312776,0.355828416
1551339,0.355966049
909645,0.356090338
1803,0.356357049
307082,0.356774481
1551124,0.356825589
346021,0.356945225
306419,0.357357646
1556509,0.357746436
860408,0.357935136
304756,0.35847108
1551323,0.358552163
337815,0.358683232
306273,0.358683566
909805,0.359018943
307885,0.359907277
931976,0.360177297
343352,0.361069941
1105895,0.361432174
1551329,0.362860808
567585,0.363036262
1104147,0.363737235
1104617,0.363816403
349685,0.364917453
27979,0.364917453
8057,0.365523578
307313,0.366860576
305364,0.368483077
348106,0.370285554
21316,0.370285864
306791,0.371037561
18193,0.37104518
54942,0.37104518
13677,0.371463486
581362,0.372945952
859303,0.373092616
1223449,0.373154512
893961,0.373286298
1250800,0.373834159
348702,0.374288537
742003,0.376202532
892963,0.376388212
861164,0.377237403
1218974,0.377583956
892536,0.377854143
1614248,0.379541891
894073,0.379788801
21593,0.380855476
344173,0.38801141
10489,0.388065031
1223327,0.390500033
1218919,0.391704729
1440386,0.393743738
910095,0.394451875
5179,0.396352795
10906,0.3967844
305306,0.3967844
1103913,0.39737777
1485870,0.399823263
14433,0.402984038
859668,0.403352312
1369810,0.405542154
5178,0.406320437
326638,0.407550654
74704,0.408661287
8480,0.408661287
69843,0.408661287
306177,0.408661287
1105925,0.410598878
10545,0.411260835
306479,0.414936079
338021,0.414937349
1106203,0.415719494
1105325,0.416380123
1474172,0.417977353
40051,0.423439707
1218324,0.42530215
1104530,0.426067884
1103688,0.428001834
20929,0.42873147
304642,0.428733875
110794,0.428733875
54708,0.428733875
110795,0.428733875
8080,0.428949015
306860,0.428952074
307171,0.428995148
307283,0.429070794
328549,0.430746536
343450,0.438430121
26310,0.438643132
1105466,0.441376816
26117,0.442072203
1106588,0.448470857
305519,0.449135914
10480,0.449658638
306229,0.449660293
12376,0.449730184
1106355,0.450679822
1222720,0.451681411
1104282,0.452213409
7497,0.453372567
10411,0.454519812
305856,0.454519812
613825,0.457786145
1219273,0.459139408
1106486,0.460490902
5674,0.462742895
25648,0.464137806
1236347,0.466128002
1236324,0.466165747
1218562,0.466167373
1236326,0.466171625
18724,0.467455033
11716,0.467740296
304927,0.468833985
16166,0.472409085
1105854,0.474023543
1106628,0.47685081
1106791,0.477410115
1473040,0.481054034
1218586,0.488269874
4566,0.488446897
1222771,0.489040499
22507,0.489052834
1277988,0.491137078
1106808,0.492530166
22302,0.493106875
1277969,0.493169358
8235,0.495073735
1218583,0.4958071
5664,0.49887906
1218531,0.503697381
1234981,0.510031886
1105698,0.518235023
1106392,0.520636127
1222732,0.523104738
